-- phpMyAdmin SQL Dump
-- version 4.8.3
-- https://www.phpmyadmin.net/
--
-- Host: 127.0.0.1
-- Generation Time: Jan 31, 2020 at 03:18 AM
-- Server version: 10.1.36-MariaDB
-- PHP Version: 7.2.10

SET SQL_MODE = "NO_AUTO_VALUE_ON_ZERO";
SET AUTOCOMMIT = 0;
START TRANSACTION;
SET time_zone = "+00:00";


/*!40101 SET @OLD_CHARACTER_SET_CLIENT=@@CHARACTER_SET_CLIENT */;
/*!40101 SET @OLD_CHARACTER_SET_RESULTS=@@CHARACTER_SET_RESULTS */;
/*!40101 SET @OLD_COLLATION_CONNECTION=@@COLLATION_CONNECTION */;
/*!40101 SET NAMES utf8mb4 */;

--
-- Database: `payroll`
--

-- --------------------------------------------------------

--
-- Table structure for table `tb_absensi`
--

CREATE TABLE `tb_absensi` (
  `id` int(25) NOT NULL,
  `nik` varchar(25) NOT NULL,
  `kode_departemen` varchar(25) NOT NULL,
  `tanggal` date NOT NULL,
  `masuk` time NOT NULL,
  `keluar` time NOT NULL,
  `jumlah_jam` int(25) NOT NULL
) ENGINE=InnoDB DEFAULT CHARSET=latin1;

--
-- Dumping data for table `tb_absensi`
--

INSERT INTO `tb_absensi` (`id`, `nik`, `kode_departemen`, `tanggal`, `masuk`, `keluar`, `jumlah_jam`) VALUES
(1, '35465421321654', 'D002', '2020-01-13', '08:00:00', '17:00:00', 9);

-- --------------------------------------------------------

--
-- Table structure for table `tb_bagian`
--

CREATE TABLE `tb_bagian` (
  `kode_bagian` varchar(25) NOT NULL,
  `bagian` varchar(50) NOT NULL,
  `kode_departemen` varchar(25) NOT NULL
) ENGINE=InnoDB DEFAULT CHARSET=latin1;

--
-- Dumping data for table `tb_bagian`
--

INSERT INTO `tb_bagian` (`kode_bagian`, `bagian`, `kode_departemen`) VALUES
('B001', 'Director', 'D005'),
('B002', 'Head Of Soft Candy Line', 'D002'),
('B003', 'GMP Officer', 'D003'),
('B004', 'Driver', 'D001'),
('B005', 'Production Supervisor', 'D002'),
('B006', 'Packing Supervisor', 'D010'),
('B007', 'Cooking Operator', 'D002'),
('B008', 'Pillow Packing Operator', 'D002'),
('B009', 'Machine Production Engine', 'D007'),
('B010', 'Cutting Operator', 'D002'),
('B011', 'Hard Candy Operator', 'D010'),
('B012', 'Packing Operator', 'D010'),
('B013', 'Quality Operator', 'D003'),
('B014', 'Packaging Material Office', 'D005'),
('B015', 'Head Of IT', 'D009'),
('B016', 'Production Planner', 'D005'),
('B017', 'Head Of Engineer', 'D007'),
('B018', 'Sanitation Operator', 'D002'),
('B019', 'Head Of Hard Candy Line &', 'D010'),
('B020', 'Utility Engineer', 'D007'),
('B021', 'Recruitment & Performance', 'D001'),
('B022', 'Organization Development ', 'D001'),
('B023', 'Head Of Quality Assurance', 'D003'),
('B024', 'Preparation Operator', 'D004'),
('B025', 'Warehouse Operator', 'D005'),
('B026', 'Finance Officer', 'D008'),
('B027', 'Head of Agronomy', 'D006'),
('B028', 'Process Quality Control Supervisor', 'D003'),
('B029', 'Head Of Finance & Accounting', 'D008'),
('B030', 'Agronomy operator', 'D006'),
('B031', 'Incoming Quality Control Supervisor', 'D003'),
('B032', 'Quality System Specialist', 'D003'),
('B033', 'Production Analyst', 'D002'),
('B034', 'General Affair Supervisor', 'D001'),
('B035', 'Research & Development Officer', 'D004'),
('B036', 'Foreman Warehouse', 'D005'),
('B037', 'Laboratory Operator', 'D004'),
('B038', 'IT Big Data Engineer', 'D009'),
('B039', 'Export Import Officer', 'D005'),
('B040', 'Purchasing Officer', 'D005'),
('B041', 'PPIC Officer', 'D005'),
('B042', 'Customer Relation Officer', 'D005'),
('B043', 'Head of Supply Chain', 'D005'),
('B044', 'Accounting Officer', 'D008'),
('B045', 'Cooling operator', 'D002'),
('B046', 'Head Of HRGA', 'D001'),
('B047', 'Engineering Officer', 'D007'),
('B048', 'Warehouse Supervisor', 'D005');

-- --------------------------------------------------------

--
-- Table structure for table `tb_departemen`
--

CREATE TABLE `tb_departemen` (
  `kode_departemen` varchar(25) NOT NULL,
  `departemen` varchar(25) NOT NULL
) ENGINE=InnoDB DEFAULT CHARSET=latin1;

--
-- Dumping data for table `tb_departemen`
--

INSERT INTO `tb_departemen` (`kode_departemen`, `departemen`) VALUES
('D001', 'HRGA'),
('D002', 'Production Soft Candy Lin'),
('D003', 'Quality Assurance'),
('D004', 'Research and Development'),
('D005', 'Supply Chain'),
('D006', 'Agronomy'),
('D007', 'Engineer'),
('D008', 'Finance and Accounting'),
('D009', 'IT'),
('D010', 'Hard Candy Line & Packing');

-- --------------------------------------------------------

--
-- Table structure for table `tb_finger`
--

CREATE TABLE `tb_finger` (
  `no` bigint(20) UNSIGNED NOT NULL,
  `userid` int(25) NOT NULL,
  `tanggal_jam` datetime NOT NULL,
  `verifikasi` int(1) NOT NULL,
  `status` int(1) NOT NULL
) ENGINE=InnoDB DEFAULT CHARSET=latin1;

--
-- Dumping data for table `tb_finger`
--

INSERT INTO `tb_finger` (`no`, `userid`, `tanggal_jam`, `verifikasi`, `status`) VALUES
(2, 134, '2020-01-14 14:06:51', 1, 1),
(3, 163, '2020-01-14 14:08:57', 0, 1),
(5, 85, '2020-01-14 15:03:35', 1, 1),
(6, 289, '2020-01-14 16:01:14', 1, 1),
(7, 3, '2020-01-14 17:04:30', 1, 1),
(8, 300, '2020-01-14 17:06:31', 1, 1),
(9, 313, '2020-01-14 17:06:44', 1, 1),
(10, 153, '2020-01-14 17:07:06', 1, 1),
(11, 122, '2020-01-14 17:07:51', 1, 1),
(12, 342, '2020-01-14 17:08:03', 1, 1),
(13, 64, '2020-01-14 17:12:12', 1, 1),
(14, 187, '2020-01-14 17:13:14', 1, 1),
(15, 221, '2020-01-14 17:13:32', 1, 1),
(16, 88, '2020-01-14 17:14:10', 1, 1),
(17, 222, '2020-01-14 17:23:49', 1, 1),
(18, 386, '2020-01-14 17:25:19', 1, 1),
(19, 397, '2020-01-14 17:25:29', 1, 1),
(20, 83, '2020-01-14 17:25:47', 1, 1),
(21, 90, '2020-01-14 17:26:27', 1, 1),
(22, 78, '2020-01-14 17:28:02', 1, 1),
(23, 390, '2020-01-14 17:37:33', 1, 1),
(24, 188, '2020-01-14 17:43:33', 1, 1),
(25, 395, '2020-01-14 17:47:33', 1, 1),
(26, 77, '2020-01-14 17:54:13', 1, 1),
(27, 211, '2020-01-14 17:57:57', 1, 1),
(28, 340, '2020-01-14 18:18:07', 1, 1),
(29, 80, '2020-01-14 18:33:52', 1, 1),
(30, 9, '2020-01-14 19:00:10', 1, 1),
(31, 288, '2020-01-14 19:17:03', 1, 1),
(32, 391, '2020-01-14 19:42:37', 1, 1),
(33, 82, '2020-01-14 19:50:53', 1, 1),
(34, 396, '2020-01-14 20:09:30', 1, 1),
(35, 388, '2020-01-14 20:09:43', 1, 1),
(36, 354, '2020-01-14 20:09:53', 1, 1),
(37, 341, '2020-01-14 20:10:22', 1, 1),
(38, 392, '2020-01-14 20:10:44', 1, 1),
(42, 9, '2020-01-15 03:27:45', 1, 0),
(46, 134, '2020-01-15 06:43:34', 1, 0),
(47, 90, '2020-01-15 06:48:56', 1, 0),
(48, 221, '2020-01-15 06:57:20', 1, 0),
(49, 354, '2020-01-15 07:07:51', 1, 0),
(50, 313, '2020-01-15 07:14:33', 1, 0),
(51, 88, '2020-01-15 07:20:01', 1, 0),
(52, 391, '2020-01-15 07:20:53', 1, 0),
(53, 397, '2020-01-15 07:23:17', 1, 0),
(54, 85, '2020-01-15 07:24:32', 1, 0),
(55, 388, '2020-01-15 07:38:01', 1, 0),
(56, 77, '2020-01-15 07:40:06', 1, 0),
(57, 390, '2020-01-15 07:40:19', 1, 0),
(58, 211, '2020-01-15 07:42:27', 1, 0),
(59, 341, '2020-01-15 07:42:39', 1, 0),
(60, 265, '2020-01-15 07:44:55', 1, 0),
(61, 340, '2020-01-15 07:50:27', 1, 0),
(62, 80, '2020-01-15 07:54:52', 1, 0),
(63, 64, '2020-01-15 07:55:45', 1, 0),
(64, 222, '2020-01-15 07:56:26', 1, 0),
(65, 3, '2020-01-15 07:57:20', 1, 0),
(66, 153, '2020-01-15 07:58:15', 1, 0),
(67, 47, '2020-01-15 07:58:28', 1, 0),
(68, 149, '2020-01-15 07:58:37', 1, 0),
(69, 392, '2020-01-15 07:58:52', 1, 0),
(70, 395, '2020-01-15 07:59:19', 1, 0),
(71, 218, '2020-01-15 07:59:38', 1, 0),
(72, 83, '2020-01-15 08:00:25', 1, 0),
(73, 342, '2020-01-15 08:01:58', 1, 0),
(74, 289, '2020-01-15 08:03:37', 1, 0),
(75, 386, '2020-01-15 08:04:52', 1, 0),
(76, 187, '2020-01-15 08:05:09', 1, 0),
(77, 300, '2020-01-15 08:06:07', 1, 0),
(78, 78, '2020-01-15 08:06:40', 1, 0),
(79, 396, '2020-01-15 08:22:34', 1, 0),
(80, 89, '2020-01-15 08:25:11', 1, 0),
(81, 288, '2020-01-15 11:50:08', 1, 0),
(82, 340, '2020-01-15 12:23:27', 1, 1),
(83, 9, '2020-01-15 12:35:54', 1, 1),
(84, 394, '2020-01-15 13:55:37', 1, 1),
(87, 134, '2020-01-15 16:10:21', 1, 1),
(88, 85, '2020-01-15 16:12:45', 1, 1),
(89, 3, '2020-01-15 17:02:47', 1, 1),
(90, 153, '2020-01-15 17:05:34', 1, 1),
(91, 300, '2020-01-15 17:09:04', 1, 1),
(92, 289, '2020-01-15 17:09:42', 1, 1),
(93, 64, '2020-01-15 17:09:56', 1, 1),
(94, 47, '2020-01-15 17:11:17', 1, 1),
(95, 149, '2020-01-15 17:11:29', 1, 1),
(96, 222, '2020-01-15 17:11:37', 1, 1),
(97, 221, '2020-01-15 17:11:45', 1, 1),
(98, 83, '2020-01-15 17:12:02', 1, 1),
(99, 90, '2020-01-15 17:14:31', 1, 1),
(100, 390, '2020-01-15 17:15:14', 1, 1),
(101, 77, '2020-01-15 17:15:35', 1, 1),
(102, 265, '2020-01-15 17:17:23', 1, 1),
(103, 391, '2020-01-15 17:17:52', 1, 1),
(104, 187, '2020-01-15 17:18:31', 1, 1),
(105, 88, '2020-01-15 17:19:06', 1, 1),
(106, 211, '2020-01-15 17:20:41', 1, 1),
(107, 78, '2020-01-15 17:21:33', 1, 1),
(108, 397, '2020-01-15 17:26:32', 1, 1),
(109, 395, '2020-01-15 17:32:02', 1, 1),
(110, 89, '2020-01-15 17:35:24', 1, 1),
(111, 396, '2020-01-15 17:36:28', 1, 1),
(112, 386, '2020-01-15 17:50:21', 1, 1),
(113, 80, '2020-01-15 18:23:40', 1, 1),
(114, 218, '2020-01-15 18:57:42', 1, 1),
(115, 341, '2020-01-15 20:10:13', 1, 1),
(116, 392, '2020-01-15 20:10:21', 1, 1),
(117, 388, '2020-01-15 20:11:03', 1, 1),
(118, 354, '2020-01-15 20:11:56', 1, 1),
(119, 288, '2020-01-15 21:16:41', 1, 1),
(120, 394, '2020-01-15 21:22:52', 1, 1),
(126, 85, '2020-01-16 06:04:16', 1, 0),
(128, 134, '2020-01-16 06:41:29', 1, 0),
(129, 90, '2020-01-16 06:43:49', 1, 0),
(130, 211, '2020-01-16 06:59:32', 1, 0),
(131, 77, '2020-01-16 06:59:50', 1, 0),
(132, 88, '2020-01-16 07:14:56', 1, 0),
(133, 313, '2020-01-16 07:22:52', 1, 0),
(134, 3, '2020-01-16 07:23:17', 1, 0),
(135, 397, '2020-01-16 07:29:38', 1, 0),
(136, 265, '2020-01-16 07:37:36', 1, 0),
(137, 390, '2020-01-16 07:45:13', 1, 0),
(138, 388, '2020-01-16 07:45:29', 1, 0),
(139, 218, '2020-01-16 07:51:40', 1, 0),
(140, 354, '2020-01-16 07:52:21', 1, 0),
(141, 187, '2020-01-16 07:52:47', 1, 0),
(142, 386, '2020-01-16 07:53:23', 1, 0),
(143, 391, '2020-01-16 07:54:52', 1, 0),
(144, 341, '2020-01-16 07:58:18', 1, 0),
(145, 300, '2020-01-16 08:00:06', 1, 0),
(146, 395, '2020-01-16 08:01:02', 1, 0),
(147, 222, '2020-01-16 08:01:55', 1, 0),
(148, 80, '2020-01-16 08:02:04', 1, 0),
(149, 78, '2020-01-16 08:02:25', 1, 0),
(150, 289, '2020-01-16 08:02:31', 1, 0),
(151, 392, '2020-01-16 08:02:40', 1, 0),
(152, 83, '2020-01-16 08:03:07', 1, 0),
(153, 149, '2020-01-16 08:03:29', 1, 0),
(154, 342, '2020-01-16 08:03:37', 1, 0),
(155, 221, '2020-01-16 08:03:54', 1, 0),
(156, 47, '2020-01-16 08:04:02', 1, 0),
(157, 396, '2020-01-16 08:08:20', 1, 0),
(158, 89, '2020-01-16 08:11:18', 1, 0),
(159, 9, '2020-01-16 08:39:20', 1, 0),
(162, 85, '2020-01-16 15:03:08', 1, 1),
(163, 134, '2020-01-16 16:09:47', 1, 1),
(164, 300, '2020-01-16 17:05:49', 1, 1),
(165, 289, '2020-01-16 17:05:56', 1, 1),
(166, 222, '2020-01-16 17:06:56', 1, 1),
(167, 313, '2020-01-16 17:07:19', 1, 1),
(168, 89, '2020-01-16 17:07:46', 1, 1),
(169, 3, '2020-01-16 17:08:37', 1, 1),
(170, 83, '2020-01-16 17:10:24', 1, 1),
(171, 90, '2020-01-16 17:13:29', 1, 1),
(172, 149, '2020-01-16 17:14:41', 1, 1),
(173, 342, '2020-01-16 17:16:03', 1, 1),
(174, 265, '2020-01-16 17:16:53', 1, 1),
(175, 390, '2020-01-16 17:17:28', 1, 1),
(176, 78, '2020-01-16 17:18:30', 1, 1),
(177, 221, '2020-01-16 17:18:45', 1, 1),
(178, 187, '2020-01-16 17:20:34', 1, 1),
(179, 391, '2020-01-16 17:21:53', 1, 1),
(180, 395, '2020-01-16 17:22:32', 1, 1),
(181, 386, '2020-01-16 17:23:16', 1, 1),
(182, 354, '2020-01-16 17:24:08', 1, 1),
(183, 47, '2020-01-16 17:27:13', 1, 1),
(184, 397, '2020-01-16 17:27:22', 1, 1),
(185, 80, '2020-01-16 17:39:19', 1, 1),
(186, 77, '2020-01-16 17:41:18', 1, 1),
(187, 211, '2020-01-16 17:41:33', 1, 1),
(188, 396, '2020-01-16 17:42:35', 1, 1),
(189, 341, '2020-01-16 17:50:32', 1, 1),
(190, 88, '2020-01-16 17:56:56', 1, 1),
(191, 9, '2020-01-16 18:06:27', 1, 1),
(192, 392, '2020-01-16 19:23:11', 1, 1),
(193, 388, '2020-01-16 19:23:37', 1, 1),
(194, 218, '2020-01-16 19:44:49', 1, 1),
(198, 153, '2020-01-17 04:35:36', 1, 0),
(199, 134, '2020-01-17 04:49:29', 1, 0),
(200, 231, '2020-01-17 04:50:19', 1, 0),
(201, 353, '2020-01-17 04:55:50', 1, 0),
(202, 352, '2020-01-17 04:58:19', 1, 0),
(204, 340, '2020-01-17 06:12:39', 1, 0),
(207, 211, '2020-01-17 06:18:41', 1, 0),
(208, 90, '2020-01-17 06:47:44', 1, 0),
(209, 354, '2020-01-17 06:58:56', 1, 0),
(210, 313, '2020-01-17 06:59:40', 1, 0),
(211, 77, '2020-01-17 07:03:24', 1, 0),
(212, 88, '2020-01-17 07:05:07', 1, 0),
(213, 391, '2020-01-17 07:10:23', 1, 0),
(214, 289, '2020-01-17 07:25:26', 1, 0),
(215, 390, '2020-01-17 07:28:02', 1, 0),
(216, 218, '2020-01-17 07:31:23', 1, 0),
(217, 388, '2020-01-17 07:32:29', 1, 0),
(218, 122, '2020-01-17 07:35:33', 1, 0),
(219, 397, '2020-01-17 07:35:59', 1, 0),
(220, 265, '2020-01-17 07:40:40', 1, 0),
(221, 341, '2020-01-17 07:51:54', 1, 0),
(222, 222, '2020-01-17 07:52:54', 1, 0),
(223, 188, '2020-01-17 07:54:04', 1, 0),
(224, 300, '2020-01-17 07:56:35', 1, 0),
(225, 392, '2020-01-17 07:56:49', 1, 0),
(226, 187, '2020-01-17 07:59:13', 1, 0),
(227, 342, '2020-01-17 08:01:05', 1, 0),
(228, 89, '2020-01-17 08:01:49', 1, 0),
(229, 80, '2020-01-17 08:02:42', 1, 0),
(230, 221, '2020-01-17 08:03:02', 1, 0),
(231, 3, '2020-01-17 08:03:42', 1, 0),
(232, 83, '2020-01-17 08:05:24', 1, 0),
(233, 64, '2020-01-17 08:09:18', 1, 0),
(234, 395, '2020-01-17 08:09:36', 1, 0),
(235, 386, '2020-01-17 08:15:59', 1, 0),
(236, 78, '2020-01-17 08:17:22', 1, 0),
(237, 396, '2020-01-17 08:28:09', 1, 0),
(238, 82, '2020-01-17 09:43:15', 1, 0),
(239, 9, '2020-01-17 09:44:58', 1, 0),
(240, 222, '2020-01-17 10:10:38', 1, 1),
(241, 222, '2020-01-17 11:50:00', 1, 0),
(242, 47, '2020-01-17 12:45:19', 1, 0),
(244, 231, '2020-01-17 14:10:38', 1, 1),
(245, 353, '2020-01-17 14:10:54', 1, 1),
(247, 134, '2020-01-17 14:15:31', 1, 1),
(248, 352, '2020-01-17 14:23:25', 1, 1),
(249, 77, '2020-01-17 15:13:10', 1, 1),
(250, 153, '2020-01-17 15:35:50', 1, 1),
(251, 354, '2020-01-17 16:32:22', 1, 1),
(252, 187, '2020-01-17 16:35:42', 1, 1),
(253, 3, '2020-01-17 17:06:52', 1, 1),
(254, 397, '2020-01-17 17:07:21', 1, 1),
(255, 342, '2020-01-17 17:10:54', 1, 1),
(256, 211, '2020-01-17 17:11:30', 1, 1),
(257, 265, '2020-01-17 17:11:50', 1, 1),
(258, 300, '2020-01-17 17:12:20', 1, 1),
(259, 390, '2020-01-17 17:12:31', 1, 1),
(260, 83, '2020-01-17 17:14:20', 1, 1),
(261, 64, '2020-01-17 17:16:38', 1, 1),
(262, 341, '2020-01-17 17:17:59', 1, 1),
(263, 221, '2020-01-17 17:19:41', 1, 1),
(264, 313, '2020-01-17 17:23:43', 1, 1),
(265, 122, '2020-01-17 17:25:25', 1, 1),
(266, 89, '2020-01-17 17:26:49', 1, 1),
(267, 78, '2020-01-17 17:27:21', 1, 1),
(268, 396, '2020-01-17 17:34:08', 1, 1),
(269, 392, '2020-01-17 17:34:45', 1, 1),
(270, 388, '2020-01-17 17:34:55', 1, 1),
(271, 395, '2020-01-17 18:07:16', 1, 1),
(272, 188, '2020-01-17 18:09:51', 1, 1),
(273, 90, '2020-01-17 18:14:25', 1, 1),
(274, 340, '2020-01-17 18:16:28', 1, 1),
(275, 218, '2020-01-17 18:23:37', 1, 1),
(276, 386, '2020-01-17 18:23:57', 1, 1),
(277, 289, '2020-01-17 18:24:22', 1, 1),
(278, 80, '2020-01-17 18:24:57', 1, 1),
(279, 88, '2020-01-17 18:26:30', 1, 1),
(280, 222, '2020-01-17 19:00:41', 1, 1),
(281, 9, '2020-01-17 19:05:05', 1, 1),
(282, 82, '2020-01-17 19:07:18', 1, 1),
(283, 47, '2020-01-17 19:10:21', 1, 1),
(284, 391, '2020-01-17 19:17:28', 1, 1),
(289, 340, '2020-01-18 06:01:20', 1, 0),
(291, 47, '2020-01-18 06:05:50', 1, 1),
(292, 222, '2020-01-18 06:07:33', 1, 0),
(294, 89, '2020-01-18 07:17:14', 1, 0),
(295, 153, '2020-01-18 07:17:30', 1, 0),
(299, 222, '2020-01-18 15:08:40', 1, 1),
(300, 47, '2020-01-18 16:12:13', 1, 1),
(301, 340, '2020-01-18 17:02:17', 1, 1),
(302, 153, '2020-01-18 18:07:22', 1, 1),
(303, 89, '2020-01-18 18:16:36', 1, 1),
(318, 134, '2020-01-20 04:47:01', 1, 0),
(319, 353, '2020-01-20 05:02:07', 1, 0),
(320, 231, '2020-01-20 05:08:17', 1, 0),
(321, 85, '2020-01-20 05:28:00', 1, 0),
(323, 265, '2020-01-20 05:59:43', 1, 0),
(326, 391, '2020-01-20 06:20:21', 1, 0),
(327, 340, '2020-01-20 07:05:03', 1, 0),
(328, 88, '2020-01-20 07:18:10', 1, 0),
(329, 289, '2020-01-20 07:19:34', 1, 0),
(330, 313, '2020-01-20 07:35:20', 1, 0),
(331, 397, '2020-01-20 07:36:48', 1, 0),
(332, 211, '2020-01-20 07:39:41', 1, 0),
(333, 90, '2020-01-20 07:39:57', 1, 0),
(334, 388, '2020-01-20 07:45:29', 1, 0),
(335, 341, '2020-01-20 07:48:36', 1, 0),
(336, 83, '2020-01-20 07:52:46', 1, 0),
(337, 218, '2020-01-20 07:54:22', 1, 0),
(338, 342, '2020-01-20 07:56:00', 1, 0),
(339, 392, '2020-01-20 07:56:49', 1, 0),
(340, 300, '2020-01-20 07:58:53', 1, 0),
(341, 78, '2020-01-20 07:59:52', 1, 0),
(342, 222, '2020-01-20 08:00:35', 1, 0),
(343, 354, '2020-01-20 08:00:48', 1, 0),
(344, 395, '2020-01-20 08:01:23', 1, 0),
(345, 221, '2020-01-20 08:01:58', 1, 0),
(346, 80, '2020-01-20 08:02:36', 1, 0),
(347, 89, '2020-01-20 08:03:18', 1, 0),
(348, 3, '2020-01-20 08:09:33', 1, 0),
(349, 187, '2020-01-20 08:09:54', 1, 0),
(350, 64, '2020-01-20 08:13:27', 1, 0),
(351, 9, '2020-01-20 08:14:04', 1, 0),
(352, 396, '2020-01-20 08:36:30', 1, 0),
(353, 149, '2020-01-20 08:43:29', 1, 0),
(354, 188, '2020-01-20 08:48:55', 1, 0),
(355, 89, '2020-01-20 12:08:50', 1, 1),
(358, 134, '2020-01-20 14:10:32', 1, 1),
(359, 353, '2020-01-20 14:14:01', 1, 1),
(360, 231, '2020-01-20 14:14:11', 1, 1),
(361, 85, '2020-01-20 14:29:52', 1, 1),
(362, 265, '2020-01-20 15:07:08', 1, 1),
(363, 77, '2020-01-20 15:10:04', 1, 0),
(364, 313, '2020-01-20 16:41:38', 1, 0),
(365, 3, '2020-01-20 17:01:19', 1, 1),
(366, 342, '2020-01-20 17:06:13', 1, 1),
(367, 300, '2020-01-20 17:10:01', 1, 1),
(368, 187, '2020-01-20 17:10:11', 1, 1),
(369, 64, '2020-01-20 17:13:50', 1, 1),
(370, 78, '2020-01-20 17:14:04', 1, 1),
(371, 221, '2020-01-20 17:14:30', 1, 1),
(372, 395, '2020-01-20 17:24:44', 1, 1),
(373, 397, '2020-01-20 17:28:27', 1, 1),
(374, 9, '2020-01-20 17:33:40', 1, 1),
(375, 289, '2020-01-20 17:35:15', 1, 1),
(376, 90, '2020-01-20 17:35:35', 1, 1),
(377, 341, '2020-01-20 17:48:59', 1, 1),
(378, 396, '2020-01-20 18:02:15', 1, 1),
(379, 80, '2020-01-20 18:36:33', 1, 1),
(380, 149, '2020-01-20 19:05:15', 1, 1),
(381, 77, '2020-01-20 19:10:50', 1, 1),
(382, 218, '2020-01-20 19:12:25', 1, 1),
(383, 340, '2020-01-20 19:14:21', 1, 1),
(384, 392, '2020-01-20 19:37:08', 1, 1),
(385, 354, '2020-01-20 19:37:26', 1, 1),
(386, 388, '2020-01-20 19:37:35', 1, 1),
(387, 211, '2020-01-20 19:37:49', 1, 1),
(388, 188, '2020-01-20 19:48:00', 1, 1),
(389, 222, '2020-01-20 20:08:10', 1, 1),
(390, 391, '2020-01-20 20:13:40', 1, 1),
(394, 153, '2020-01-21 04:13:30', 1, 0),
(395, 181, '2020-01-21 04:36:24', 1, 0),
(396, 134, '2020-01-21 04:46:59', 1, 0),
(397, 352, '2020-01-21 04:57:32', 1, 0),
(398, 163, '2020-01-21 05:02:32', 0, 0),
(399, 3, '2020-01-21 05:10:08', 1, 0),
(400, 211, '2020-01-21 05:18:10', 1, 0),
(401, 388, '2020-01-21 05:39:42', 1, 0),
(402, 85, '2020-01-21 05:44:00', 1, 0),
(403, 122, '2020-01-21 05:49:47', 1, 0),
(407, 340, '2020-01-21 06:20:23', 1, 0),
(408, 289, '2020-01-21 07:02:14', 1, 0),
(409, 90, '2020-01-21 07:05:01', 1, 0),
(410, 89, '2020-01-21 07:11:59', 1, 0),
(411, 391, '2020-01-21 07:12:56', 1, 0),
(412, 221, '2020-01-21 07:16:56', 1, 0),
(413, 88, '2020-01-21 07:23:30', 1, 0),
(414, 313, '2020-01-21 07:23:56', 1, 0),
(415, 77, '2020-01-21 07:28:45', 1, 0),
(416, 390, '2020-01-21 07:32:17', 1, 0),
(417, 397, '2020-01-21 07:33:20', 1, 0),
(418, 265, '2020-01-21 07:39:09', 1, 0),
(419, 354, '2020-01-21 07:39:17', 1, 0),
(420, 341, '2020-01-21 07:47:58', 1, 0),
(421, 64, '2020-01-21 07:53:38', 1, 0),
(422, 300, '2020-01-21 07:57:31', 1, 0),
(423, 187, '2020-01-21 07:58:08', 1, 0),
(424, 78, '2020-01-21 07:58:15', 1, 0),
(425, 392, '2020-01-21 07:59:33', 1, 0),
(426, 80, '2020-01-21 07:59:46', 1, 0),
(427, 342, '2020-01-21 08:00:44', 1, 0),
(428, 222, '2020-01-21 08:04:44', 1, 0),
(429, 218, '2020-01-21 08:07:52', 1, 0),
(430, 395, '2020-01-21 08:10:23', 1, 0),
(431, 83, '2020-01-21 08:11:22', 1, 0),
(432, 386, '2020-01-21 08:13:23', 1, 0),
(433, 9, '2020-01-21 08:14:50', 1, 0),
(434, 396, '2020-01-21 08:16:14', 1, 0),
(435, 82, '2020-01-21 09:42:14', 1, 0),
(436, 288, '2020-01-21 12:55:18', 1, 0),
(437, 153, '2020-01-21 13:42:42', 1, 1),
(440, 352, '2020-01-21 14:30:01', 1, 1),
(441, 181, '2020-01-21 14:31:05', 1, 1),
(442, 134, '2020-01-21 14:32:08', 1, 1),
(443, 163, '2020-01-21 14:32:28', 0, 1),
(444, 85, '2020-01-21 14:58:42', 1, 1),
(445, 122, '2020-01-21 15:07:58', 1, 1),
(446, 342, '2020-01-21 17:06:31', 1, 1),
(447, 386, '2020-01-21 17:08:19', 1, 1),
(448, 3, '2020-01-21 17:09:12', 1, 1),
(449, 78, '2020-01-21 17:10:58', 1, 1),
(450, 187, '2020-01-21 17:12:02', 1, 1),
(451, 354, '2020-01-21 17:12:42', 1, 1),
(452, 313, '2020-01-21 17:12:50', 1, 1),
(453, 64, '2020-01-21 17:13:07', 1, 1),
(454, 89, '2020-01-21 17:14:15', 1, 1),
(455, 221, '2020-01-21 17:15:15', 1, 1),
(456, 88, '2020-01-21 17:15:32', 1, 1),
(457, 390, '2020-01-21 17:15:43', 1, 1),
(458, 83, '2020-01-21 17:15:51', 1, 1),
(459, 77, '2020-01-21 17:17:42', 1, 1),
(460, 397, '2020-01-21 17:17:52', 1, 1),
(461, 211, '2020-01-21 17:19:20', 1, 1),
(462, 222, '2020-01-21 17:20:46', 1, 1),
(463, 300, '2020-01-21 17:20:59', 1, 1),
(464, 340, '2020-01-21 17:21:38', 1, 1),
(465, 395, '2020-01-21 17:21:52', 1, 1),
(466, 289, '2020-01-21 17:21:59', 1, 1),
(467, 80, '2020-01-21 17:23:32', 1, 1),
(468, 265, '2020-01-21 17:28:34', 1, 1),
(469, 9, '2020-01-21 17:34:16', 1, 1),
(470, 388, '2020-01-21 17:44:27', 1, 1),
(471, 341, '2020-01-21 18:20:43', 1, 1),
(472, 392, '2020-01-21 18:20:53', 1, 1),
(473, 396, '2020-01-21 18:21:34', 1, 1),
(474, 89, '2020-01-21 18:42:48', 1, 1),
(475, 222, '2020-01-21 18:43:10', 1, 1),
(476, 90, '2020-01-21 18:51:12', 1, 1),
(477, 391, '2020-01-21 19:20:34', 1, 1),
(478, 82, '2020-01-21 19:20:57', 1, 1),
(482, 288, '2020-01-21 22:09:42', 1, 1),
(484, 85, '2020-01-22 05:56:26', 1, 0),
(485, 391, '2020-01-22 06:06:49', 1, 0),
(488, 340, '2020-01-22 06:15:06', 1, 1),
(489, 134, '2020-01-22 06:39:48', 1, 0),
(490, 90, '2020-01-22 06:54:08', 1, 0),
(491, 289, '2020-01-22 06:55:57', 1, 0),
(492, 188, '2020-01-22 06:58:45', 1, 0),
(493, 88, '2020-01-22 07:18:22', 1, 0),
(494, 313, '2020-01-22 07:30:00', 1, 0),
(495, 399, '2020-01-22 07:33:59', 1, 0),
(496, 3, '2020-01-22 07:36:29', 1, 0),
(497, 397, '2020-01-22 07:37:37', 1, 0),
(498, 341, '2020-01-22 07:38:10', 1, 0),
(499, 388, '2020-01-22 07:38:27', 1, 0),
(500, 211, '2020-01-22 07:41:36', 1, 0),
(501, 77, '2020-01-22 07:42:01', 1, 0),
(502, 390, '2020-01-22 07:42:12', 1, 0),
(503, 9, '2020-01-22 07:54:35', 1, 0),
(504, 83, '2020-01-22 07:55:17', 1, 0),
(505, 80, '2020-01-22 07:56:49', 1, 0),
(506, 222, '2020-01-22 07:57:32', 1, 0),
(507, 89, '2020-01-22 07:57:47', 1, 0),
(508, 342, '2020-01-22 07:57:54', 1, 0),
(509, 392, '2020-01-22 07:58:48', 1, 0),
(510, 300, '2020-01-22 08:00:19', 1, 0),
(511, 354, '2020-01-22 08:00:27', 1, 0),
(512, 386, '2020-01-22 08:01:01', 1, 0),
(513, 187, '2020-01-22 08:04:35', 1, 0),
(514, 221, '2020-01-22 08:04:53', 1, 0),
(515, 395, '2020-01-22 08:05:04', 1, 0),
(516, 64, '2020-01-22 08:08:00', 1, 0),
(517, 265, '2020-01-22 08:08:14', 1, 0),
(518, 218, '2020-01-22 08:21:46', 1, 0),
(519, 396, '2020-01-22 08:44:40', 1, 0),
(520, 78, '2020-01-22 11:10:32', 1, 0),
(523, 85, '2020-01-22 15:01:24', 1, 1),
(524, 188, '2020-01-22 16:01:58', 1, 1),
(525, 134, '2020-01-22 16:06:51', 1, 1),
(526, 3, '2020-01-22 17:05:15', 1, 1),
(527, 313, '2020-01-22 17:06:02', 1, 1),
(528, 9, '2020-01-22 17:07:15', 1, 1),
(529, 83, '2020-01-22 17:08:16', 1, 1),
(530, 386, '2020-01-22 17:08:55', 1, 1),
(531, 342, '2020-01-22 17:09:14', 1, 1),
(532, 64, '2020-01-22 17:09:53', 1, 1),
(533, 187, '2020-01-22 17:10:03', 1, 1),
(534, 397, '2020-01-22 17:10:29', 1, 1),
(535, 221, '2020-01-22 17:12:17', 1, 1),
(536, 399, '2020-01-22 17:12:54', 1, 1),
(537, 354, '2020-01-22 17:14:09', 1, 1),
(538, 392, '2020-01-22 17:15:41', 1, 1),
(539, 390, '2020-01-22 17:16:31', 1, 1),
(540, 78, '2020-01-22 17:16:44', 1, 1),
(541, 300, '2020-01-22 17:18:38', 1, 1),
(542, 395, '2020-01-22 17:19:26', 1, 1),
(543, 211, '2020-01-22 17:20:49', 1, 1),
(544, 77, '2020-01-22 17:21:16', 1, 1),
(545, 88, '2020-01-22 17:33:32', 1, 1),
(546, 218, '2020-01-22 17:33:42', 1, 1),
(547, 289, '2020-01-22 17:34:33', 1, 1),
(548, 89, '2020-01-22 17:37:35', 1, 1),
(549, 265, '2020-01-22 17:38:44', 1, 1),
(550, 388, '2020-01-22 17:49:00', 1, 1),
(551, 341, '2020-01-22 17:58:05', 1, 1),
(552, 396, '2020-01-22 17:58:14', 1, 1),
(553, 340, '2020-01-22 18:00:18', 1, 1),
(554, 391, '2020-01-22 18:15:29', 1, 1),
(555, 90, '2020-01-22 18:32:43', 1, 1),
(556, 80, '2020-01-22 18:45:13', 1, 1),
(557, 222, '2020-01-22 20:00:06', 1, 1),
(562, 391, '2020-01-23 06:02:23', 1, 0),
(565, 134, '2020-01-23 06:47:26', 1, 0),
(566, 90, '2020-01-23 06:59:15', 1, 0),
(567, 88, '2020-01-23 07:20:43', 1, 0),
(568, 211, '2020-01-23 07:21:54', 1, 0),
(569, 77, '2020-01-23 07:22:12', 1, 0),
(570, 390, '2020-01-23 07:32:15', 1, 0),
(571, 313, '2020-01-23 07:37:50', 1, 0),
(572, 397, '2020-01-23 07:38:22', 1, 0),
(573, 388, '2020-01-23 07:42:37', 1, 0),
(574, 386, '2020-01-23 07:45:36', 1, 0),
(575, 9, '2020-01-23 07:45:50', 1, 0),
(576, 341, '2020-01-23 07:47:13', 1, 0),
(577, 265, '2020-01-23 07:50:21', 1, 0),
(578, 399, '2020-01-23 07:50:41', 1, 0),
(579, 85, '2020-01-23 07:52:56', 1, 0),
(580, 340, '2020-01-23 07:53:06', 1, 0),
(581, 3, '2020-01-23 07:53:51', 1, 0),
(582, 289, '2020-01-23 07:54:38', 1, 0),
(583, 300, '2020-01-23 07:56:31', 1, 0),
(584, 222, '2020-01-23 07:56:51', 1, 0),
(585, 149, '2020-01-23 07:57:19', 1, 0),
(586, 342, '2020-01-23 07:57:30', 1, 0),
(587, 187, '2020-01-23 07:58:25', 1, 0),
(588, 288, '2020-01-23 07:58:33', 1, 0),
(589, 83, '2020-01-23 08:00:06', 1, 0),
(590, 392, '2020-01-23 08:00:53', 1, 0),
(591, 395, '2020-01-23 08:03:14', 1, 0),
(592, 354, '2020-01-23 08:07:56', 1, 0),
(593, 221, '2020-01-23 08:08:43', 1, 0),
(594, 78, '2020-01-23 08:08:58', 1, 0),
(595, 80, '2020-01-23 08:10:21', 1, 0),
(596, 89, '2020-01-23 08:11:33', 1, 0),
(597, 396, '2020-01-23 08:26:40', 1, 0),
(598, 218, '2020-01-23 08:36:26', 1, 0),
(676, 134, '2020-01-23 16:07:04', 1, 1),
(677, 85, '2020-01-23 17:05:17', 1, 1),
(678, 386, '2020-01-23 17:06:05', 1, 1),
(679, 89, '2020-01-23 17:06:16', 1, 1),
(680, 187, '2020-01-23 17:06:22', 1, 1),
(681, 9, '2020-01-23 17:06:31', 1, 1),
(682, 149, '2020-01-23 17:07:24', 1, 1),
(683, 288, '2020-01-23 17:09:37', 1, 1),
(684, 399, '2020-01-23 17:10:11', 1, 1),
(685, 221, '2020-01-23 17:14:44', 1, 1),
(686, 354, '2020-01-23 17:14:59', 1, 1),
(687, 342, '2020-01-23 17:16:23', 1, 1),
(688, 300, '2020-01-23 17:17:23', 1, 1),
(689, 390, '2020-01-23 17:21:52', 1, 1),
(690, 3, '2020-01-23 17:24:15', 1, 1),
(691, 265, '2020-01-23 17:25:53', 1, 1),
(692, 78, '2020-01-23 17:26:05', 1, 1),
(693, 289, '2020-01-23 17:26:37', 1, 1),
(694, 340, '2020-01-23 17:26:49', 1, 1),
(695, 211, '2020-01-23 17:27:28', 1, 1),
(696, 218, '2020-01-23 17:32:57', 1, 1),
(697, 88, '2020-01-23 17:33:06', 1, 1),
(698, 392, '2020-01-23 17:36:05', 1, 1),
(699, 397, '2020-01-23 17:36:32', 1, 1),
(700, 388, '2020-01-23 17:37:23', 1, 1),
(701, 396, '2020-01-23 17:37:41', 1, 1),
(702, 395, '2020-01-23 17:38:25', 1, 1),
(703, 83, '2020-01-23 17:39:12', 1, 1),
(704, 90, '2020-01-23 17:40:03', 1, 1),
(705, 47, '2020-01-23 17:55:42', 1, 1),
(706, 341, '2020-01-23 18:02:11', 1, 1),
(707, 77, '2020-01-23 18:08:05', 1, 1),
(708, 391, '2020-01-23 18:22:54', 1, 1),
(709, 313, '2020-01-23 18:39:20', 1, 1),
(710, 80, '2020-01-23 18:56:12', 1, 1),
(711, 222, '2020-01-23 19:18:25', 1, 1),
(712, 47, '2020-01-23 20:08:01', 1, 1),
(718, 386, '2020-01-24 06:09:12', 1, 0),
(720, 90, '2020-01-24 06:25:58', 1, 0),
(721, 340, '2020-01-24 07:03:16', 1, 0),
(722, 88, '2020-01-24 07:14:19', 1, 0),
(723, 399, '2020-01-24 07:19:09', 1, 0),
(724, 313, '2020-01-24 07:28:03', 1, 0),
(725, 3, '2020-01-24 07:29:28', 1, 0),
(726, 388, '2020-01-24 07:30:53', 1, 0),
(727, 134, '2020-01-24 07:31:10', 1, 0),
(728, 391, '2020-01-24 07:37:34', 1, 0),
(729, 390, '2020-01-24 07:40:01', 1, 0),
(730, 265, '2020-01-24 07:41:57', 1, 0),
(731, 85, '2020-01-24 07:42:31', 1, 0),
(732, 289, '2020-01-24 07:52:23', 1, 0),
(733, 89, '2020-01-24 07:52:43', 1, 0),
(734, 341, '2020-01-24 07:53:29', 1, 0),
(735, 83, '2020-01-24 07:57:12', 1, 0),
(736, 149, '2020-01-24 07:57:27', 1, 0),
(737, 288, '2020-01-24 07:57:42', 1, 0),
(738, 342, '2020-01-24 07:57:47', 1, 0),
(739, 392, '2020-01-24 07:59:22', 1, 0),
(740, 80, '2020-01-24 07:59:54', 1, 0),
(741, 221, '2020-01-24 08:00:12', 1, 0),
(742, 47, '2020-01-24 08:01:43', 1, 0),
(743, 300, '2020-01-24 08:02:33', 1, 0),
(744, 222, '2020-01-24 08:02:52', 1, 0),
(745, 354, '2020-01-24 08:03:34', 1, 0),
(746, 77, '2020-01-24 08:03:52', 1, 0),
(747, 78, '2020-01-24 08:06:26', 1, 0),
(748, 187, '2020-01-24 08:07:13', 1, 0),
(749, 395, '2020-01-24 08:09:33', 1, 0),
(750, 9, '2020-01-24 08:11:46', 1, 0),
(751, 396, '2020-01-24 08:16:10', 1, 0),
(752, 218, '2020-01-24 08:17:49', 1, 0),
(838, 64, '2020-01-24 08:55:21', 1, 0),
(924, 47, '2020-01-24 15:10:37', 1, 1),
(925, 77, '2020-01-24 15:22:39', 1, 1),
(926, 386, '2020-01-24 15:22:47', 1, 1),
(927, 90, '2020-01-24 16:12:56', 1, 1),
(928, 340, '2020-01-24 16:49:36', 1, 1),
(929, 3, '2020-01-24 17:02:18', 1, 1),
(930, 85, '2020-01-24 17:04:10', 1, 1),
(931, 134, '2020-01-24 17:07:02', 1, 1),
(932, 64, '2020-01-24 17:07:35', 1, 1),
(933, 187, '2020-01-24 17:07:44', 1, 1),
(934, 288, '2020-01-24 17:07:50', 1, 1),
(935, 149, '2020-01-24 17:07:55', 1, 1),
(936, 399, '2020-01-24 17:09:08', 1, 1),
(937, 342, '2020-01-24 17:09:19', 1, 1),
(938, 395, '2020-01-24 17:10:22', 1, 1),
(939, 300, '2020-01-24 17:10:58', 1, 1),
(940, 218, '2020-01-24 17:17:25', 1, 1),
(941, 83, '2020-01-24 17:18:07', 1, 1),
(942, 89, '2020-01-24 17:18:34', 1, 1),
(943, 289, '2020-01-24 17:18:56', 1, 1),
(944, 88, '2020-01-24 17:21:07', 1, 1),
(945, 313, '2020-01-24 17:21:16', 1, 1),
(946, 78, '2020-01-24 17:22:14', 1, 1),
(947, 265, '2020-01-24 17:23:47', 1, 1),
(948, 391, '2020-01-24 17:23:54', 1, 1),
(949, 222, '2020-01-24 17:24:07', 1, 1),
(950, 392, '2020-01-24 17:25:19', 1, 1),
(951, 354, '2020-01-24 17:25:57', 1, 1),
(952, 388, '2020-01-24 17:26:13', 1, 1),
(953, 396, '2020-01-24 17:27:24', 1, 1),
(954, 390, '2020-01-24 17:32:42', 1, 1),
(955, 341, '2020-01-24 17:53:09', 1, 1),
(956, 9, '2020-01-24 18:34:10', 1, 1),
(957, 221, '2020-01-24 18:43:23', 1, 1),
(958, 80, '2020-01-24 20:08:32', 1, 1),
(962, 386, '2020-01-25 05:46:00', 1, 0),
(966, 341, '2020-01-25 09:46:34', 1, 0),
(970, 341, '2020-01-25 15:22:14', 1, 1),
(971, 386, '2020-01-25 15:22:39', 1, 1),
(986, 352, '2020-01-27 04:44:46', 1, 0),
(987, 134, '2020-01-27 04:45:35', 1, 0),
(988, 231, '2020-01-27 04:59:20', 1, 0),
(989, 163, '2020-01-27 05:01:13', 0, 0),
(990, 47, '2020-01-27 05:04:36', 1, 0),
(994, 211, '2020-01-27 06:19:34', 1, 0),
(995, 90, '2020-01-27 06:44:48', 1, 0),
(996, 9, '2020-01-27 07:04:24', 1, 0),
(997, 83, '2020-01-27 07:13:42', 1, 0),
(998, 289, '2020-01-27 07:17:25', 1, 0),
(999, 80, '2020-01-27 07:17:53', 1, 0),
(1000, 85, '2020-01-27 07:19:38', 1, 0),
(1001, 222, '2020-01-27 07:21:41', 1, 0),
(1002, 3, '2020-01-27 07:22:33', 1, 0),
(1003, 149, '2020-01-27 07:24:53', 1, 0),
(1004, 88, '2020-01-27 07:25:36', 1, 0),
(1005, 399, '2020-01-27 07:27:04', 1, 0),
(1006, 313, '2020-01-27 07:29:00', 1, 0),
(1007, 390, '2020-01-27 07:32:33', 1, 0),
(1008, 265, '2020-01-27 07:34:14', 1, 0),
(1009, 391, '2020-01-27 07:38:57', 1, 0),
(1010, 341, '2020-01-27 07:41:50', 1, 0),
(1011, 397, '2020-01-27 07:42:20', 1, 0),
(1012, 388, '2020-01-27 07:42:37', 1, 0),
(1013, 187, '2020-01-27 07:43:14', 1, 0),
(1014, 386, '2020-01-27 07:51:05', 1, 0),
(1015, 342, '2020-01-27 07:57:30', 1, 0),
(1016, 340, '2020-01-27 08:01:21', 1, 0),
(1017, 89, '2020-01-27 08:03:53', 1, 0),
(1018, 218, '2020-01-27 08:17:13', 1, 0),
(1019, 78, '2020-01-27 08:17:27', 1, 0),
(1020, 395, '2020-01-27 08:17:39', 1, 0),
(1021, 396, '2020-01-27 08:19:26', 1, 0),
(1022, 392, '2020-01-27 08:40:24', 1, 0),
(1023, 354, '2020-01-27 08:59:57', 1, 0),
(1024, 220, '2020-01-27 09:04:11', 1, 0),
(1138, 153, '2020-01-27 09:51:21', 1, 0),
(1252, 247, '2020-01-27 12:23:21', 1, 0),
(1253, 218, '2020-01-27 12:45:14', 1, 1),
(1256, 47, '2020-01-27 14:07:01', 1, 1),
(1257, 163, '2020-01-27 14:07:17', 0, 1),
(1258, 134, '2020-01-27 14:08:00', 1, 1),
(1259, 352, '2020-01-27 14:08:12', 1, 1),
(1260, 231, '2020-01-27 14:09:27', 1, 1),
(1261, 85, '2020-01-27 16:01:53', 1, 1),
(1262, 9, '2020-01-27 16:18:21', 1, 1),
(1265, 21, '2020-01-14 14:00:34', 1, 1),
(1266, 26, '2020-01-14 18:04:25', 1, 1),
(1267, 46, '2020-01-14 18:16:23', 1, 1),
(1268, 67, '2020-01-14 18:34:14', 1, 1),
(1269, 114, '2020-01-14 19:09:08', 1, 1),
(1270, 16, '2020-01-14 19:12:30', 1, 1),
(1271, 347, '2020-01-14 19:13:00', 1, 1),
(1272, 87, '2020-01-14 19:54:33', 1, 1),
(1273, 118, '2020-01-14 19:55:02', 1, 1),
(1274, 26, '2020-01-15 07:55:43', 1, 0),
(1275, 21, '2020-01-15 08:00:36', 1, 0),
(1276, 16, '2020-01-15 08:00:53', 1, 0),
(1277, 46, '2020-01-15 08:08:42', 1, 0),
(1278, 21, '2020-01-15 17:05:08', 1, 1),
(1279, 26, '2020-01-15 17:05:28', 1, 1),
(1280, 16, '2020-01-15 17:05:52', 1, 1),
(1281, 46, '2020-01-15 17:09:19', 1, 1),
(1282, 21, '2020-01-16 07:53:05', 1, 0),
(1283, 46, '2020-01-16 07:55:45', 1, 0),
(1284, 16, '2020-01-16 08:02:11', 1, 0),
(1285, 21, '2020-01-16 17:00:29', 1, 1),
(1286, 46, '2020-01-16 17:01:32', 1, 1),
(1287, 16, '2020-01-16 17:01:48', 1, 1),
(1288, 21, '2020-01-17 04:56:51', 1, 0),
(1289, 46, '2020-01-17 07:59:01', 1, 0),
(1290, 36, '2020-01-17 08:03:31', 1, 0),
(1291, 106, '2020-01-17 08:45:21', 1, 0),
(1292, 26, '2020-01-17 08:45:35', 1, 0),
(1293, 67, '2020-01-17 09:12:39', 1, 0),
(1294, 123, '2020-01-17 09:29:37', 1, 0),
(1295, 126, '2020-01-17 09:34:35', 1, 0),
(1296, 206, '2020-01-17 09:35:47', 1, 0),
(1297, 120, '2020-01-17 09:36:05', 1, 0),
(1298, 114, '2020-01-17 09:36:25', 1, 0),
(1299, 24, '2020-01-17 09:36:40', 1, 0),
(1300, 104, '2020-01-17 09:36:49', 1, 0),
(1301, 361, '2020-01-17 09:38:48', 1, 0),
(1302, 169, '2020-01-17 09:40:28', 1, 0),
(1303, 16, '2020-01-17 10:03:39', 1, 0),
(1304, 21, '2020-01-17 14:00:03', 1, 1),
(1305, 26, '2020-01-17 18:01:15', 1, 1),
(1306, 106, '2020-01-17 18:01:45', 1, 1),
(1307, 67, '2020-01-17 18:30:08', 1, 1),
(1308, 114, '2020-01-17 19:00:02', 1, 1),
(1309, 361, '2020-01-17 19:00:09', 1, 1),
(1310, 16, '2020-01-17 19:01:35', 1, 1),
(1311, 123, '2020-01-17 19:01:48', 1, 1),
(1312, 126, '2020-01-17 19:03:03', 1, 1),
(1313, 206, '2020-01-17 19:03:16', 1, 1),
(1314, 169, '2020-01-17 19:03:28', 1, 1),
(1315, 120, '2020-01-17 19:03:39', 1, 1),
(1316, 24, '2020-01-17 19:03:56', 1, 1),
(1317, 104, '2020-01-17 19:04:11', 1, 1),
(1318, 26, '2020-01-20 05:03:31', 1, 0),
(1319, 53, '2020-01-20 06:59:14', 1, 0),
(1320, 36, '2020-01-20 08:06:55', 1, 0),
(1321, 16, '2020-01-20 08:11:52', 1, 0),
(1322, 347, '2020-01-20 09:07:23', 1, 0),
(1323, 123, '2020-01-20 09:21:58', 1, 0),
(1324, 49, '2020-01-20 09:23:35', 1, 0),
(1325, 267, '2020-01-20 09:31:59', 1, 0),
(1326, 306, '2020-01-20 09:32:07', 1, 0),
(1327, 50, '2020-01-20 09:34:31', 1, 0),
(1328, 120, '2020-01-20 09:35:00', 1, 0),
(1329, 129, '2020-01-20 09:35:13', 1, 0),
(1330, 316, '2020-01-20 09:37:52', 1, 0),
(1331, 169, '2020-01-20 09:38:25', 1, 0),
(1332, 126, '2020-01-20 09:38:40', 1, 0),
(1333, 46, '2020-01-20 09:52:23', 1, 0),
(1334, 21, '2020-01-20 09:56:17', 1, 0),
(1335, 26, '2020-01-20 14:04:23', 1, 1),
(1336, 16, '2020-01-20 17:33:51', 1, 1),
(1337, 347, '2020-01-20 18:30:29', 1, 1),
(1338, 215, '2020-01-20 18:31:20', 1, 1),
(1339, 21, '2020-01-20 19:00:02', 1, 1),
(1340, 120, '2020-01-20 19:00:07', 1, 1),
(1341, 129, '2020-01-20 19:00:12', 1, 1),
(1342, 316, '2020-01-20 19:00:22', 1, 1),
(1343, 50, '2020-01-20 19:00:28', 1, 1),
(1344, 169, '2020-01-20 19:11:43', 1, 1),
(1345, 46, '2020-01-20 19:12:23', 1, 1),
(1346, 267, '2020-01-20 19:12:31', 1, 1),
(1347, 49, '2020-01-20 19:12:37', 1, 1),
(1348, 123, '2020-01-20 19:13:28', 1, 1),
(1349, 126, '2020-01-20 19:13:57', 1, 1),
(1350, 306, '2020-01-20 19:14:04', 1, 1),
(1351, 26, '2020-01-21 04:59:16', 1, 0),
(1352, 365, '2020-01-21 07:45:45', 1, 0),
(1353, 16, '2020-01-21 07:57:17', 1, 0),
(1354, 36, '2020-01-21 08:12:54', 1, 0),
(1355, 239, '2020-01-21 08:28:03', 1, 0),
(1356, 100, '2020-01-21 08:33:18', 1, 0),
(1357, 366, '2020-01-21 08:43:15', 1, 0),
(1358, 274, '2020-01-21 08:46:56', 1, 0),
(1359, 384, '2020-01-21 08:47:03', 1, 0),
(1360, 347, '2020-01-21 09:05:49', 1, 0),
(1361, 123, '2020-01-21 09:30:19', 1, 0),
(1362, 126, '2020-01-21 09:34:07', 1, 0),
(1363, 106, '2020-01-21 09:34:36', 1, 0),
(1364, 129, '2020-01-21 09:34:45', 1, 0),
(1365, 120, '2020-01-21 09:35:38', 1, 0),
(1366, 316, '2020-01-21 09:36:00', 1, 0),
(1367, 87, '2020-01-21 09:37:39', 1, 0),
(1368, 306, '2020-01-21 09:38:40', 1, 0),
(1369, 49, '2020-01-21 09:38:58', 1, 0),
(1370, 267, '2020-01-21 09:39:23', 1, 0),
(1371, 40, '2020-01-21 09:39:40', 1, 0),
(1372, 50, '2020-01-21 09:40:45', 1, 0),
(1373, 215, '2020-01-21 09:49:55', 1, 0),
(1374, 46, '2020-01-21 09:50:24', 1, 0),
(1375, 21, '2020-01-21 09:50:30', 1, 0),
(1376, 26, '2020-01-21 14:05:42', 1, 1),
(1377, 16, '2020-01-21 17:00:17', 1, 1),
(1378, 365, '2020-01-21 17:06:20', 1, 1),
(1379, 274, '2020-01-21 18:01:48', 1, 1),
(1380, 366, '2020-01-21 18:02:06', 1, 1),
(1381, 239, '2020-01-21 18:04:03', 1, 1),
(1382, 384, '2020-01-21 18:04:28', 1, 1),
(1383, 347, '2020-01-21 18:49:50', 1, 1),
(1384, 21, '2020-01-21 19:00:10', 1, 1),
(1385, 106, '2020-01-21 19:00:30', 1, 1),
(1386, 129, '2020-01-21 19:01:06', 1, 1),
(1387, 50, '2020-01-21 19:03:54', 1, 1),
(1388, 120, '2020-01-21 19:06:20', 1, 1),
(1389, 316, '2020-01-21 19:08:04', 1, 1),
(1390, 46, '2020-01-21 19:15:10', 1, 1),
(1391, 40, '2020-01-21 19:18:58', 1, 1),
(1392, 215, '2020-01-21 19:19:11', 1, 1),
(1393, 126, '2020-01-21 19:19:26', 1, 1),
(1394, 87, '2020-01-21 19:19:46', 1, 1),
(1395, 123, '2020-01-21 19:19:51', 1, 1),
(1396, 306, '2020-01-21 19:20:03', 1, 1),
(1397, 49, '2020-01-21 19:20:07', 1, 1),
(1398, 267, '2020-01-21 19:20:28', 1, 1),
(1399, 26, '2020-01-22 07:45:34', 1, 0),
(1400, 53, '2020-01-22 07:51:17', 1, 0),
(1401, 21, '2020-01-22 07:54:26', 1, 0),
(1402, 46, '2020-01-22 07:57:53', 1, 0),
(1403, 16, '2020-01-22 08:00:34', 1, 0),
(1404, 53, '2020-01-22 17:00:12', 1, 1),
(1405, 21, '2020-01-22 17:01:18', 1, 1),
(1406, 26, '2020-01-22 17:03:05', 1, 1),
(1407, 16, '2020-01-22 17:12:53', 1, 1),
(1408, 46, '2020-01-22 17:13:04', 1, 1),
(1409, 21, '2020-01-23 07:50:51', 1, 0),
(1410, 239, '2020-01-23 07:51:25', 1, 0),
(1411, 26, '2020-01-23 07:52:04', 1, 0),
(1412, 53, '2020-01-23 08:00:08', 1, 0),
(1413, 46, '2020-01-23 08:00:19', 1, 0),
(1414, 36, '2020-01-23 08:02:46', 1, 0),
(1415, 16, '2020-01-23 08:34:06', 1, 0),
(1416, 21, '2020-01-23 17:00:10', 1, 1),
(1417, 26, '2020-01-23 17:00:53', 1, 1),
(1418, 239, '2020-01-23 17:05:45', 1, 1),
(1419, 53, '2020-01-23 17:12:47', 1, 1),
(1420, 16, '2020-01-23 17:34:08', 1, 1),
(1421, 26, '2020-01-24 07:44:33', 1, 0),
(1422, 16, '2020-01-24 07:54:10', 1, 0),
(1423, 21, '2020-01-24 07:54:28', 1, 0),
(1424, 46, '2020-01-24 08:03:50', 1, 0),
(1425, 21, '2020-01-24 17:00:19', 1, 1),
(1426, 26, '2020-01-24 17:00:26', 1, 1),
(1427, 16, '2020-01-24 17:02:14', 1, 1),
(1428, 46, '2020-01-24 17:03:33', 1, 1),
(1429, 36, '2020-01-27 06:05:18', 1, 1),
(1430, 365, '2020-01-27 06:46:58', 1, 0),
(1431, 366, '2020-01-27 07:41:48', 1, 0),
(1432, 16, '2020-01-27 07:45:38', 1, 0),
(1433, 26, '2020-01-27 07:55:15', 1, 0),
(1434, 46, '2020-01-27 07:58:07', 1, 0),
(1435, 67, '2020-01-27 08:25:20', 1, 0),
(1436, 239, '2020-01-27 08:31:11', 1, 0),
(1437, 16, '2020-01-27 10:17:08', 1, 1),
(1438, 100, '2020-01-27 11:30:21', 1, 1),
(1439, 274, '2020-01-27 11:32:00', 1, 0),
(1440, 384, '2020-01-27 11:58:06', 1, 0),
(1554, 149, '2020-01-27 16:41:46', 1, 1),
(1555, 289, '2020-01-27 17:02:06', 1, 1),
(1556, 3, '2020-01-27 17:03:19', 1, 1),
(1557, 342, '2020-01-27 17:04:54', 1, 1),
(1558, 399, '2020-01-27 17:07:35', 1, 1),
(1559, 187, '2020-01-27 17:09:59', 1, 1),
(1560, 222, '2020-01-27 17:13:57', 1, 1),
(1561, 395, '2020-01-27 17:14:33', 1, 1),
(1562, 265, '2020-01-27 17:15:26', 1, 1),
(1563, 90, '2020-01-27 17:16:20', 1, 1),
(1564, 397, '2020-01-27 17:18:07', 1, 1),
(1565, 390, '2020-01-27 17:18:24', 1, 1),
(1566, 391, '2020-01-27 17:22:22', 1, 1),
(1567, 211, '2020-01-27 17:23:55', 1, 1),
(1568, 80, '2020-01-27 17:24:33', 1, 1),
(1569, 386, '2020-01-27 17:26:44', 1, 1),
(1570, 78, '2020-01-27 17:27:28', 1, 1),
(1571, 89, '2020-01-27 17:29:23', 1, 1),
(1572, 340, '2020-01-27 17:32:53', 1, 1),
(1573, 396, '2020-01-27 17:35:09', 1, 1),
(1574, 341, '2020-01-27 17:35:30', 1, 1),
(1575, 388, '2020-01-27 17:36:11', 1, 1),
(1576, 88, '2020-01-27 17:39:52', 1, 1),
(1577, 313, '2020-01-27 17:40:11', 1, 1),
(1578, 354, '2020-01-27 18:04:32', 1, 1),
(1579, 392, '2020-01-27 18:10:11', 1, 1),
(1580, 220, '2020-01-27 18:12:20', 1, 1),
(1581, 83, '2020-01-27 18:22:16', 1, 1),
(1582, 153, '2020-01-27 19:06:24', 1, 1),
(1583, 247, '2020-01-27 21:36:17', 1, 1),
(1587, 134, '2020-01-28 04:48:21', 1, 0),
(1588, 353, '2020-01-28 04:53:49', 1, 0),
(1589, 231, '2020-01-28 05:00:20', 1, 0),
(1590, 47, '2020-01-28 05:02:44', 1, 0),
(1592, 85, '2020-01-28 05:54:28', 1, 0),
(1595, 90, '2020-01-28 06:37:42', 1, 0),
(1596, 340, '2020-01-28 07:03:40', 1, 0),
(1597, 399, '2020-01-28 07:12:35', 1, 0),
(1598, 80, '2020-01-28 07:23:48', 1, 0),
(1599, 313, '2020-01-28 07:33:17', 1, 0),
(1600, 265, '2020-01-28 07:36:26', 1, 0),
(1601, 211, '2020-01-28 07:39:12', 1, 0),
(1602, 397, '2020-01-28 07:39:25', 1, 0),
(1603, 341, '2020-01-28 07:40:42', 1, 0),
(1604, 388, '2020-01-28 07:40:55', 1, 0),
(1605, 390, '2020-01-28 07:47:03', 1, 0),
(1606, 78, '2020-01-28 07:47:12', 1, 0),
(1607, 222, '2020-01-28 07:50:07', 1, 0),
(1608, 386, '2020-01-28 07:50:56', 1, 0),
(1609, 88, '2020-01-28 07:51:03', 1, 0),
(1610, 392, '2020-01-28 07:53:33', 1, 0),
(1611, 187, '2020-01-28 07:55:07', 1, 0),
(1612, 89, '2020-01-28 07:55:12', 1, 0),
(1613, 313, '2020-01-28 07:55:37', 1, 0),
(1614, 342, '2020-01-28 07:57:28', 1, 0),
(1615, 83, '2020-01-28 07:58:23', 1, 0),
(1616, 300, '2020-01-28 08:00:19', 1, 0),
(1617, 3, '2020-01-28 08:01:39', 1, 0),
(1618, 396, '2020-01-28 08:08:15', 1, 0),
(1619, 77, '2020-01-28 08:11:17', 1, 0),
(1620, 395, '2020-01-28 08:11:49', 1, 0),
(1621, 218, '2020-01-28 08:18:03', 1, 0),
(1622, 354, '2020-01-28 08:30:27', 1, 0),
(1623, 188, '2020-01-28 08:31:03', 1, 0),
(1624, 153, '2020-01-28 08:44:43', 1, 0),
(1625, 220, '2020-01-28 09:01:05', 1, 0),
(1745, 9, '2020-01-28 09:47:22', 1, 0),
(1748, 288, '2020-01-28 10:53:43', 1, 0),
(1749, 47, '2020-01-28 13:33:31', 1, 0),
(1751, 134, '2020-01-28 14:10:04', 1, 1),
(1753, 353, '2020-01-28 14:17:14', 1, 1),
(1754, 231, '2020-01-28 14:17:33', 1, 1),
(1755, 85, '2020-01-28 15:01:21', 1, 1),
(1756, 340, '2020-01-28 16:18:30', 1, 1),
(1757, 313, '2020-01-28 17:05:00', 1, 1),
(1758, 78, '2020-01-28 17:06:25', 1, 1),
(1759, 300, '2020-01-28 17:07:36', 1, 1),
(1760, 390, '2020-01-28 17:15:45', 1, 1),
(1761, 396, '2020-01-28 17:16:47', 1, 1),
(1762, 399, '2020-01-28 17:17:44', 1, 1),
(1763, 88, '2020-01-28 17:18:52', 1, 1),
(1764, 386, '2020-01-28 17:22:16', 1, 1),
(1765, 222, '2020-01-28 17:22:26', 1, 1),
(1766, 265, '2020-01-28 17:22:43', 1, 1),
(1767, 392, '2020-01-28 17:23:04', 1, 1),
(1768, 391, '2020-01-28 17:23:19', 1, 1),
(1769, 341, '2020-01-28 17:23:43', 1, 1),
(1770, 388, '2020-01-28 17:24:18', 1, 1),
(1771, 188, '2020-01-28 18:01:52', 1, 1),
(1772, 354, '2020-01-28 18:12:31', 1, 1),
(1773, 89, '2020-01-28 18:22:02', 1, 1),
(1774, 77, '2020-01-28 18:28:45', 1, 1),
(1775, 211, '2020-01-28 18:31:23', 1, 1),
(1776, 397, '2020-01-28 18:31:48', 1, 1),
(1777, 395, '2020-01-28 18:33:07', 1, 1),
(1778, 187, '2020-01-28 18:33:12', 1, 1),
(1779, 3, '2020-01-28 18:41:29', 1, 1),
(1780, 83, '2020-01-28 18:48:24', 1, 1),
(1781, 218, '2020-01-28 18:53:11', 1, 1),
(1782, 153, '2020-01-28 19:04:51', 1, 1),
(1783, 9, '2020-01-28 19:05:51', 1, 1),
(1784, 90, '2020-01-28 19:56:10', 1, 1),
(1785, 288, '2020-01-28 20:10:22', 1, 1),
(1786, 220, '2020-01-28 21:10:51', 1, 1),
(1787, 80, '2020-01-28 21:14:02', 1, 1),
(1791, 181, '2020-01-29 04:27:54', 1, 0),
(1792, 353, '2020-01-29 04:52:33', 1, 0),
(1793, 3, '2020-01-29 05:01:20', 1, 0),
(1794, 220, '2020-01-29 05:01:28', 1, 0),
(1795, 163, '2020-01-29 05:02:13', 0, 0),
(1796, 47, '2020-01-29 05:06:45', 1, 0),
(1797, 134, '2020-01-29 05:08:18', 1, 0),
(1798, 340, '2020-01-29 05:41:24', 1, 0),
(1802, 265, '2020-01-29 06:12:47', 1, 0),
(1803, 313, '2020-01-29 06:49:06', 1, 0),
(1804, 90, '2020-01-29 06:58:25', 1, 0),
(1805, 390, '2020-01-29 07:00:54', 1, 0),
(1806, 289, '2020-01-29 07:04:46', 1, 0),
(1807, 89, '2020-01-29 07:06:01', 1, 0),
(1808, 88, '2020-01-29 07:17:29', 1, 0),
(1809, 399, '2020-01-29 07:24:56', 1, 0),
(1810, 211, '2020-01-29 07:35:50', 1, 0),
(1811, 77, '2020-01-29 07:36:13', 1, 0),
(1812, 122, '2020-01-29 07:36:41', 1, 0),
(1813, 218, '2020-01-29 07:41:45', 1, 0),
(1814, 388, '2020-01-29 07:43:21', 1, 0),
(1815, 341, '2020-01-29 07:43:36', 1, 0),
(1816, 80, '2020-01-29 07:43:48', 1, 0),
(1817, 397, '2020-01-29 07:46:00', 1, 0),
(1818, 83, '2020-01-29 07:49:09', 1, 0),
(1819, 222, '2020-01-29 07:52:33', 1, 0),
(1820, 9, '2020-01-29 07:53:34', 1, 0),
(1821, 391, '2020-01-29 07:53:55', 1, 0),
(1822, 342, '2020-01-29 07:57:11', 1, 0),
(1823, 300, '2020-01-29 07:58:47', 1, 0),
(1824, 78, '2020-01-29 08:00:02', 1, 0),
(1825, 395, '2020-01-29 08:00:44', 1, 0),
(1826, 354, '2020-01-29 08:00:52', 1, 0),
(1827, 221, '2020-01-29 08:01:03', 1, 0),
(1828, 392, '2020-01-29 08:01:55', 1, 0),
(1829, 386, '2020-01-29 08:02:18', 1, 0),
(1830, 187, '2020-01-29 08:04:49', 1, 0),
(1831, 396, '2020-01-29 08:10:32', 1, 0),
(1832, 85, '2020-01-29 08:57:18', 1, 0),
(1833, 149, '2020-01-29 09:43:50', 1, 0),
(1834, 82, '2020-01-29 12:11:12', 1, 0),
(1835, 247, '2020-01-29 12:13:01', 1, 0),
(1836, 288, '2020-01-29 12:32:05', 1, 0),
(1837, 394, '2020-01-29 13:10:55', 1, 0),
(1839, 181, '2020-01-29 14:10:04', 1, 1),
(1841, 163, '2020-01-29 14:11:38', 0, 1),
(1842, 134, '2020-01-29 14:14:14', 1, 1),
(1843, 47, '2020-01-29 14:15:40', 1, 1),
(1844, 220, '2020-01-29 14:26:40', 1, 1),
(1845, 78, '2020-01-29 14:26:48', 1, 1),
(1846, 353, '2020-01-29 14:33:24', 1, 1),
(1847, 340, '2020-01-29 15:41:40', 1, 1),
(1848, 89, '2020-01-29 16:01:53', 1, 1),
(1849, 9, '2020-01-29 17:10:23', 1, 1),
(1850, 390, '2020-01-29 17:13:36', 1, 1),
(1851, 300, '2020-01-29 17:15:11', 1, 1),
(1852, 313, '2020-01-29 17:15:37', 1, 1),
(1853, 88, '2020-01-29 17:16:45', 1, 1),
(1854, 265, '2020-01-29 17:17:04', 1, 1),
(1855, 222, '2020-01-29 17:17:15', 1, 1),
(1856, 386, '2020-01-29 17:17:24', 1, 1),
(1857, 221, '2020-01-29 17:21:15', 1, 1),
(1858, 122, '2020-01-29 17:21:55', 1, 1),
(1859, 187, '2020-01-29 17:22:07', 1, 1),
(1860, 399, '2020-01-29 17:23:45', 1, 1),
(1861, 397, '2020-01-29 17:24:12', 1, 1),
(1862, 83, '2020-01-29 17:24:30', 1, 1),
(1863, 396, '2020-01-29 17:26:28', 1, 1),
(1864, 289, '2020-01-29 17:27:19', 1, 1),
(1865, 341, '2020-01-29 17:27:43', 1, 1),
(1866, 394, '2020-01-29 17:28:11', 1, 1),
(1867, 90, '2020-01-29 17:29:07', 1, 1),
(1868, 3, '2020-01-29 17:30:45', 1, 1),
(1869, 354, '2020-01-29 17:30:53', 1, 1),
(1870, 388, '2020-01-29 17:46:24', 1, 1),
(1871, 391, '2020-01-29 17:51:15', 1, 1),
(1872, 80, '2020-01-29 17:58:00', 1, 1),
(1873, 85, '2020-01-29 18:00:07', 1, 1),
(1874, 395, '2020-01-29 18:17:14', 1, 1),
(1875, 77, '2020-01-29 18:23:27', 1, 1),
(1876, 211, '2020-01-29 18:29:17', 1, 1),
(1877, 392, '2020-01-29 18:57:00', 1, 1),
(1878, 149, '2020-01-29 19:10:42', 1, 1),
(1879, 288, '2020-01-29 21:30:29', 1, 1),
(1880, 82, '2020-01-29 21:31:10', 1, 1),
(1881, 247, '2020-01-29 21:43:15', 1, 1),
(1885, 153, '2020-01-30 04:40:29', 1, 0),
(1886, 352, '2020-01-30 04:45:58', 1, 0),
(1887, 134, '2020-01-30 04:47:47', 1, 0),
(1888, 231, '2020-01-30 04:53:17', 1, 0),
(1889, 220, '2020-01-30 04:59:56', 1, 0),
(1890, 211, '2020-01-30 05:34:24', 1, 0),
(1894, 9, '2020-01-30 06:51:42', 1, 0),
(1895, 90, '2020-01-30 06:52:34', 1, 0),
(1896, 289, '2020-01-30 06:53:02', 1, 0),
(1897, 313, '2020-01-30 06:53:10', 1, 0),
(1898, 149, '2020-01-30 06:53:51', 1, 0),
(1899, 85, '2020-01-30 07:16:57', 1, 0),
(1900, 77, '2020-01-30 07:18:25', 1, 0),
(1901, 399, '2020-01-30 07:20:23', 1, 0),
(1902, 222, '2020-01-30 07:28:14', 1, 0),
(1903, 395, '2020-01-30 07:33:07', 1, 0),
(1904, 340, '2020-01-30 07:35:28', 1, 0),
(1905, 265, '2020-01-30 07:39:44', 1, 0),
(1906, 397, '2020-01-30 07:41:17', 1, 0),
(1907, 88, '2020-01-30 07:44:28', 1, 0),
(1908, 388, '2020-01-30 07:45:01', 1, 0),
(1909, 3, '2020-01-30 07:47:26', 1, 0),
(1910, 390, '2020-01-30 07:48:35', 1, 0),
(1911, 187, '2020-01-30 07:49:20', 1, 0),
(1912, 83, '2020-01-30 07:52:56', 1, 0),
(1913, 354, '2020-01-30 07:55:00', 1, 0),
(1914, 391, '2020-01-30 07:56:56', 1, 0),
(1915, 342, '2020-01-30 07:58:09', 1, 0),
(1916, 218, '2020-01-30 07:59:34', 1, 0),
(1917, 300, '2020-01-30 08:01:46', 1, 0),
(1918, 396, '2020-01-30 08:14:04', 1, 0),
(1919, 89, '2020-01-30 08:15:24', 1, 0),
(1920, 188, '2020-01-30 08:21:28', 1, 0),
(1921, 386, '2020-01-30 08:33:39', 1, 0),
(1922, 47, '2020-01-30 09:50:28', 1, 0),
(1923, 288, '2020-01-30 09:50:58', 1, 0),
(1924, 247, '2020-01-30 11:44:37', 1, 0),
(1927, 134, '2020-01-30 14:14:05', 1, 1),
(1928, 220, '2020-01-30 14:20:32', 1, 1),
(1929, 352, '2020-01-30 14:26:02', 1, 1),
(1930, 231, '2020-01-30 14:26:32', 1, 1),
(1931, 153, '2020-01-30 15:37:53', 1, 1),
(1932, 85, '2020-01-30 16:06:39', 1, 1),
(1933, 149, '2020-01-30 16:12:47', 1, 1),
(1934, 187, '2020-01-30 17:10:47', 1, 1),
(1935, 3, '2020-01-30 17:14:57', 1, 1),
(1936, 300, '2020-01-30 17:17:04', 1, 1),
(1937, 289, '2020-01-30 17:17:31', 1, 1),
(1938, 89, '2020-01-30 17:18:57', 1, 1),
(1939, 390, '2020-01-30 17:20:14', 1, 1),
(1940, 397, '2020-01-30 17:20:50', 1, 1),
(1941, 399, '2020-01-30 17:23:52', 1, 1),
(1942, 222, '2020-01-30 17:25:09', 1, 1),
(1943, 340, '2020-01-30 17:25:18', 1, 1),
(1944, 265, '2020-01-30 17:25:28', 1, 1),
(1945, 90, '2020-01-30 17:26:02', 1, 1),
(1946, 354, '2020-01-30 17:33:02', 1, 1),
(1947, 396, '2020-01-30 17:34:14', 1, 1),
(1948, 391, '2020-01-30 17:35:00', 1, 1),
(1949, 388, '2020-01-30 17:36:15', 1, 1),
(1950, 221, '2020-01-30 17:37:34', 1, 1),
(1951, 83, '2020-01-30 17:39:26', 1, 1),
(1952, 395, '2020-01-30 18:16:10', 1, 1),
(1953, 386, '2020-01-30 18:19:12', 1, 1),
(1954, 211, '2020-01-30 18:29:05', 1, 1),
(1955, 77, '2020-01-30 18:29:21', 1, 1),
(1956, 313, '2020-01-30 18:50:45', 1, 1),
(1957, 88, '2020-01-30 18:50:55', 1, 1),
(1958, 288, '2020-01-30 19:08:07', 1, 1),
(1959, 47, '2020-01-30 19:16:31', 1, 1),
(1960, 188, '2020-01-30 19:31:33', 1, 1),
(1961, 218, '2020-01-30 19:33:35', 1, 1),
(1962, 392, '2020-01-30 20:17:37', 1, 1),
(1963, 9, '2020-01-30 20:18:23', 1, 1),
(1964, 247, '2020-01-30 21:04:03', 1, 1),
(1967, 134, '2020-01-31 04:47:50', 1, 0),
(1968, 163, '2020-01-31 04:56:44', 0, 0),
(1969, 47, '2020-01-31 05:02:39', 1, 0),
(1970, 9, '2020-01-31 05:03:22', 1, 0),
(1971, 289, '2020-01-31 05:46:05', 1, 0),
(1973, 211, '2020-01-31 05:52:40', 1, 0),
(1976, 288, '2020-01-31 06:52:37', 1, 1),
(1977, 85, '2020-01-31 06:54:14', 1, 0),
(1978, 3, '2020-01-31 07:07:37', 1, 0),
(1979, 313, '2020-01-31 07:14:48', 1, 0),
(1980, 89, '2020-01-31 07:18:04', 1, 0),
(1981, 90, '2020-01-31 07:21:48', 1, 0),
(1982, 399, '2020-01-31 07:22:09', 1, 0),
(1983, 386, '2020-01-31 07:28:57', 1, 0),
(1984, 88, '2020-01-31 07:35:35', 1, 0),
(1985, 388, '2020-01-31 07:38:55', 1, 0),
(1986, 397, '2020-01-31 07:41:11', 1, 0),
(1987, 265, '2020-01-31 07:42:04', 1, 0),
(1988, 222, '2020-01-31 07:49:17', 1, 0),
(1989, 390, '2020-01-31 07:54:16', 1, 0),
(1990, 187, '2020-01-31 07:56:25', 1, 0),
(1991, 300, '2020-01-31 07:59:43', 1, 0),
(1992, 391, '2020-01-31 07:59:52', 1, 0),
(1993, 342, '2020-01-31 08:00:51', 1, 0),
(1994, 354, '2020-01-31 08:01:31', 1, 0),
(1995, 78, '2020-01-31 08:02:03', 1, 0),
(1996, 221, '2020-01-31 08:02:50', 1, 0),
(1997, 83, '2020-01-31 08:03:24', 1, 0),
(1998, 77, '2020-01-31 08:03:37', 1, 0),
(2001, 26, '2020-01-27 17:01:50', 1, 1),
(2002, 46, '2020-01-27 17:03:13', 1, 1),
(2003, 365, '2020-01-27 18:08:43', 1, 1),
(2004, 366, '2020-01-27 18:11:05', 1, 1),
(2005, 239, '2020-01-27 19:04:10', 1, 1),
(2006, 274, '2020-01-27 20:46:00', 1, 1),
(2007, 384, '2020-01-27 21:25:38', 1, 1),
(2008, 365, '2020-01-28 06:50:26', 1, 0),
(2009, 239, '2020-01-28 06:50:56', 1, 0),
(2010, 366, '2020-01-28 07:43:32', 1, 0),
(2011, 26, '2020-01-28 07:49:53', 1, 0),
(2012, 16, '2020-01-28 07:57:18', 1, 0),
(2013, 46, '2020-01-28 07:57:26', 1, 0),
(2014, 274, '2020-01-28 10:38:15', 1, 0),
(2015, 87, '2020-01-28 12:01:17', 1, 0),
(2016, 384, '2020-01-28 12:01:31', 1, 0),
(2017, 365, '2020-01-28 16:08:42', 1, 1),
(2018, 239, '2020-01-28 16:08:46', 1, 1),
(2019, 26, '2020-01-28 17:00:20', 1, 1),
(2020, 16, '2020-01-28 17:01:01', 1, 1),
(2021, 46, '2020-01-28 17:01:09', 1, 1),
(2022, 366, '2020-01-28 18:07:08', 1, 1),
(2023, 274, '2020-01-28 19:49:32', 1, 1),
(2024, 87, '2020-01-28 21:01:33', 1, 1),
(2025, 384, '2020-01-28 21:01:45', 1, 1),
(2026, 116, '2020-01-29 04:57:01', 1, 0),
(2027, 365, '2020-01-29 06:52:06', 1, 0),
(2028, 239, '2020-01-29 06:52:13', 1, 0),
(2029, 53, '2020-01-29 07:27:20', 1, 0),
(2030, 26, '2020-01-29 07:47:51', 1, 0),
(2031, 366, '2020-01-29 07:49:31', 1, 0),
(2032, 46, '2020-01-29 07:58:31', 1, 0),
(2033, 36, '2020-01-29 08:01:25', 1, 0),
(2034, 169, '2020-01-29 08:14:06', 1, 0),
(2035, 97, '2020-01-29 10:36:45', 1, 0),
(2036, 384, '2020-01-29 11:28:48', 1, 0),
(2037, 349, '2020-01-29 11:35:59', 1, 0),
(2038, 347, '2020-01-29 11:54:42', 1, 0),
(2039, 87, '2020-01-29 11:58:48', 1, 0),
(2040, 126, '2020-01-29 12:00:17', 1, 0),
(2041, 361, '2020-01-29 12:01:49', 1, 0),
(2042, 48, '2020-01-29 12:01:53', 1, 0),
(2043, 120, '2020-01-29 12:02:07', 1, 0),
(2044, 106, '2020-01-29 12:02:12', 1, 0),
(2045, 123, '2020-01-29 12:02:33', 1, 0),
(2046, 16, '2020-01-29 12:07:11', 1, 0),
(2047, 103, '2020-01-29 12:08:36', 1, 0),
(2048, 114, '2020-01-29 12:18:11', 1, 0),
(2049, 215, '2020-01-29 12:43:47', 1, 0),
(2050, 116, '2020-01-29 14:06:08', 1, 1),
(2051, 365, '2020-01-29 16:09:29', 1, 1),
(2052, 239, '2020-01-29 16:09:31', 1, 1),
(2053, 26, '2020-01-29 17:00:01', 1, 1),
(2054, 46, '2020-01-29 17:31:00', 1, 1),
(2055, 169, '2020-01-29 17:32:48', 1, 1),
(2056, 366, '2020-01-29 18:07:44', 1, 1),
(2057, 97, '2020-01-29 19:39:17', 1, 1),
(2058, 384, '2020-01-29 20:45:21', 1, 1),
(2059, 87, '2020-01-29 21:01:01', 1, 1),
(2060, 349, '2020-01-29 21:01:25', 1, 1),
(2061, 16, '2020-01-29 21:26:19', 1, 1),
(2062, 103, '2020-01-29 21:30:04', 1, 1),
(2063, 347, '2020-01-29 21:30:08', 1, 1),
(2064, 48, '2020-01-29 21:30:13', 1, 1),
(2065, 215, '2020-01-29 21:30:16', 1, 1),
(2066, 114, '2020-01-29 21:30:20', 1, 1),
(2067, 120, '2020-01-29 21:30:24', 1, 1),
(2068, 106, '2020-01-29 21:30:31', 1, 1),
(2069, 361, '2020-01-29 21:30:36', 1, 1),
(2070, 126, '2020-01-29 21:30:39', 1, 1),
(2071, 123, '2020-01-29 21:30:58', 1, 1),
(2072, 365, '2020-01-30 06:50:20', 1, 0),
(2073, 239, '2020-01-30 06:50:55', 1, 0),
(2074, 169, '2020-01-30 07:02:30', 1, 0),
(2075, 26, '2020-01-30 07:45:59', 1, 0),
(2076, 366, '2020-01-30 07:50:48', 1, 0),
(2077, 87, '2020-01-30 07:50:54', 1, 0),
(2078, 46, '2020-01-30 08:00:54', 1, 0),
(2079, 36, '2020-01-30 08:01:47', 1, 0),
(2080, 67, '2020-01-30 08:21:54', 1, 0),
(2081, 16, '2020-01-30 09:15:57', 1, 0),
(2082, 274, '2020-01-30 10:58:27', 1, 0),
(2083, 123, '2020-01-30 11:30:36', 1, 0),
(2084, 384, '2020-01-30 11:31:12', 1, 0),
(2085, 239, '2020-01-30 16:01:28', 1, 1),
(2086, 365, '2020-01-30 16:01:32', 1, 1),
(2087, 169, '2020-01-30 16:35:10', 1, 1),
(2088, 26, '2020-01-30 17:00:02', 1, 1),
(2089, 36, '2020-01-30 17:04:07', 1, 1),
(2090, 53, '2020-01-30 17:07:28', 1, 1),
(2091, 46, '2020-01-30 17:15:37', 1, 1),
(2092, 16, '2020-01-30 18:21:47', 1, 1),
(2093, 366, '2020-01-30 18:23:32', 1, 1),
(2094, 87, '2020-01-30 18:38:01', 1, 5),
(2095, 274, '2020-01-30 20:06:22', 1, 1),
(2096, 384, '2020-01-30 20:34:29', 1, 1),
(2097, 123, '2020-01-30 20:34:37', 1, 1),
(2098, 239, '2020-01-31 06:51:55', 1, 0),
(2099, 365, '2020-01-31 06:52:15', 1, 0),
(2100, 53, '2020-01-31 07:37:48', 1, 0),
(2101, 366, '2020-01-31 07:47:54', 1, 0),
(2102, 26, '2020-01-31 07:51:08', 1, 0),
(2103, 36, '2020-01-31 08:00:01', 1, 0),
(2104, 46, '2020-01-31 08:00:46', 1, 0);

-- --------------------------------------------------------

--
-- Table structure for table `tb_jadwal`
--

CREATE TABLE `tb_jadwal` (
  `kode_jadwal` varchar(25) NOT NULL,
  `kode_departemen` varchar(25) NOT NULL,
  `masuk` time NOT NULL,
  `keluar` time NOT NULL
) ENGINE=InnoDB DEFAULT CHARSET=latin1;

--
-- Dumping data for table `tb_jadwal`
--

INSERT INTO `tb_jadwal` (`kode_jadwal`, `kode_departemen`, `masuk`, `keluar`) VALUES
('', 'D001', '08:00:00', '17:00:00'),
('JD1', 'D005', '08:00:00', '17:00:00');

-- --------------------------------------------------------

--
-- Table structure for table `tb_karyawan2`
--

CREATE TABLE `tb_karyawan2` (
  `userid` int(25) NOT NULL,
  `nama` varchar(25) NOT NULL,
  `kode_bagian` varchar(25) NOT NULL,
  `status` varchar(5) NOT NULL DEFAULT '',
  `flag` int(1) NOT NULL DEFAULT '1'
) ENGINE=InnoDB DEFAULT CHARSET=latin1;

--
-- Dumping data for table `tb_karyawan2`
--

INSERT INTO `tb_karyawan2` (`userid`, `nama`, `kode_bagian`, `status`, `flag`) VALUES
(1, 'Andi Kurnia Danusaputra', 'B001', 'K1', 1),
(2, 'Satria Putra Sabana', 'B001', 'HL', 0),
(3, 'Kho Ming Wie', 'B002', 'K1', 1),
(7, 'Mira Tania Sofiana', 'B003', 'HL', 1),
(9, 'Joko Santoso', 'B004', 'K2', 1),
(16, 'Yanti Puji Utami', 'B005', 'K2', 1),
(18, 'Yeri Purwati', 'B006', 'K2', 1),
(21, 'Iwan Cahyono', 'B007', 'K2', 1),
(24, 'Siti Nur Aisyah', 'B008', 'HL', 1),
(26, 'Novi Kurniawan Sugianto', 'B007', 'K2', 1),
(31, 'Samsul Arifin', 'B045', 'HL', 1),
(36, 'Masnuriyah', 'B013', 'HL', 1),
(40, 'Indah Karimah', 'B008', 'HL', 1),
(44, 'Akhmad Sahrulloh Ludfi', 'B012', 'HL', 1),
(45, 'Sofyan Zaki', 'B008', 'HL', 1),
(46, 'Nasrul Hadytama', 'B005', 'K2', 1),
(47, 'Junaiwan', 'B009', 'K1', 1),
(48, 'Ayu Ma\'rufah', 'B008', 'HL', 1),
(49, 'Lailatul Badriyah', 'B008', 'HL', 1),
(50, 'Arifa Nur Laili', 'B010', 'HL', 1),
(51, 'Danira Handayani', 'B008', 'HL', 1),
(52, 'Rudi Setiawan', 'B008', 'HL', 1),
(53, 'Abdul Khamid', 'B011', 'HL', 1),
(62, 'Lailiah Hidayati', 'B012', 'HL', 1),
(63, 'Novita Rizki', 'B006', 'HL', 1),
(64, 'Tia Furianti', 'B044', 'K1', 1),
(67, 'Herlin Handayani', 'B013', 'HL', 1),
(68, 'Gita Priandini', 'B014', 'K1', 1),
(70, 'Kholifah', 'B013', 'HL', 1),
(77, 'Daniel Dwi Rahma', 'B015', 'K2', 1),
(78, 'Nauventika Destyazahri', 'B016', 'K1', 1),
(80, 'Nur Fatkan Yuanto', 'B017', 'K2', 1),
(82, 'Abdul Fakih', 'B018', 'HL', 1),
(83, 'Fenny Subarkah', 'B019', 'K2', 1),
(85, 'Husen', 'B020', 'K1', 1),
(87, 'Muhamad Fudoli', 'B008', 'HL', 1),
(88, 'Candra Nurul Laksana ', 'B021', 'K2', 1),
(89, 'Latifah Tribuana Dewi', 'B022', 'K1', 1),
(90, 'Mohamad Farid', 'B023', 'K2', 1),
(97, 'M. Nuuris Shobaakh', 'B011', 'HL', 1),
(98, 'Dony Eko Febriyanto', 'B008', 'HL', 1),
(100, 'Brilliant Bayu Saksono', 'B011', 'HL', 1),
(103, 'Lolita Awin Tamara', 'B008', 'HL', 1),
(104, 'M. Fahrul Hidayattulloh', 'B008', 'HL', 1),
(106, 'Angga Eka Priadana Kholil', 'B045', 'HL', 1),
(114, 'Reza Rachmat Hidaya', 'B010', 'HL', 1),
(116, 'Saiful Islam', 'B007', 'HL', 1),
(118, 'Wildan Khumaidi', 'B008', 'HL', 1),
(120, 'Amir Anggrah Irawan', 'B010', 'HL', 1),
(121, 'Nia Astriana', 'B008', 'HL', 1),
(122, 'Abuyazid Albustomi', 'B018', 'HL', 1),
(123, 'Abdus Salam', 'B008', 'HL', 1),
(126, 'M. Sofyan', 'B008', 'HL', 1),
(127, 'Moch Saikonik Lutfi ', 'B008', 'HL', 1),
(129, 'Abdul Munip', 'B045', 'HL', 1),
(133, 'Putri Eriya Devina', 'B013', 'HL', 1),
(134, 'Wulan Apriyanti', 'B024', 'K1', 1),
(135, 'Siti Lailiyah', 'B012', 'HL', 1),
(137, 'Irmawati', 'B012', 'HL', 1),
(138, 'Vira Indriana', 'B012', 'HL', 1),
(139, 'Fany Agus Setyawan', 'B012', 'HL', 1),
(142, 'Tri Iskandar', 'B012', 'HL', 1),
(145, 'Siti Mardia', 'B012', 'HL', 1),
(149, 'Sultoni Mashuri', 'B025', 'HL', 1),
(153, 'Abdul Aziz', 'B004', 'HL', 1),
(160, 'Khoiriyatus Sa\'diyah', 'B012', 'HL', 1),
(162, 'Mochammad Zainal Saifudin', 'B012', 'HL', 1),
(163, 'Muhammad Zakariah', 'B024', 'HL', 1),
(166, 'Sofyan Hadi', 'B007', 'HL', 1),
(167, 'Muhammad Sarif Abduloh', 'B045', 'HL', 1),
(169, 'Inayatul Maula', 'B013', 'HL', 1),
(181, 'Agung Setia Budi', 'B024', 'HL', 1),
(187, 'Nenci Oktafia', 'B026', 'K2', 1),
(188, 'Mukhamad Rokhmat', 'B004', 'HL', 1),
(197, 'Nurfaizin ', 'B008', 'HL', 1),
(203, 'Herman Priyanto', 'B025', 'K2', 1),
(206, 'Abdul Hadi', 'B008', 'HL', 1),
(211, 'Adhy Sulistiyo', 'B027', 'K2', 1),
(212, 'Alfiyah Khasanah', 'B013', 'HL', 1),
(215, 'Mayangsari', 'B013', 'HL', 1),
(217, 'Ani Dawiyah', 'B013', 'HL', 1),
(218, 'Lailatul Fitriyah', 'B046', 'K2', 1),
(220, 'Muzakki Putra Pamungkas', 'B009', 'K2', 1),
(221, 'Satria Duta Arya Anggada', 'B029', 'K2', 1),
(222, 'Indah Yuni Puji Lestari', 'B028', 'K2', 1),
(225, 'Mukhammad Afandi ', 'B012', 'HL', 1),
(231, 'M. Wildan Alfarezi', 'B024', 'HL', 1),
(233, 'Misbakhul Munir', 'B025', 'K2', 1),
(236, 'Yudianto', 'B010', 'HL', 1),
(239, 'Muchammad Hayyi', 'B011', 'HL', 1),
(247, 'Dwi Nanang Prayogo', 'B009', 'K2', 1),
(253, 'Eli Susanti', 'B012', 'HL', 1),
(255, 'Solikha', 'B012', 'HL', 1),
(257, 'Mia Miftakhul Kolbia', 'B012', 'HL', 1),
(259, 'Putri Hidayah', 'B012', 'HL', 1),
(260, 'Nisfi Mufida Yanti', 'B012', 'HL', 1),
(261, 'Lia Safitri', 'B030', 'K1', 1),
(262, 'Siti Nur Asiah', 'B030', 'K1', 1),
(263, 'Ninik', 'B030', 'K1', 1),
(265, 'Maya Anggraeni Nugroho', 'B031', 'K2', 1),
(267, 'Mukhammad Ainun Yatim', 'B008', 'HL', 1),
(271, 'Zakiyah Nur Rohma', 'B012', 'HL', 1),
(272, 'Nuril Fuaidah', 'B012', 'HL', 1),
(273, 'Yunita Mauludia', 'B013', 'HL', 1),
(274, 'Fikri Albar', 'B011', 'HL', 1),
(284, 'Erika Wulandhari', 'B012', 'HL', 1),
(288, 'Moch Syafiudin', 'B025', 'HL', 1),
(289, 'Friska Devi Mellanurita', 'B032', 'K2', 1),
(295, 'Nur Lailliyah', 'B012', 'HL', 1),
(300, 'Desy Galuh Kusumaningrum', 'B033', 'K2', 1),
(306, 'Muchamad Ismail', 'B008', 'HL', 1),
(313, 'Ari Mendra', 'B034', 'K2', 1),
(316, 'Mas\'ud', 'B010', 'HL', 1),
(319, 'Achmad Ziamhari', 'B045', 'HL', 1),
(320, 'Nasichul Irkham', 'B008', 'HL', 1),
(321, 'Dian Ermawati', 'B013', 'HL', 1),
(322, 'M. Firman Abdulloh', 'B012', 'HL', 1),
(323, 'Fakhri Husaini', 'B024', 'HL', 1),
(325, 'Achmad Hasyim', 'B013', 'HL', 1),
(335, 'Muslimin', 'B008', 'HL', 1),
(337, 'Zazilah', 'B013', 'HL', 1),
(339, 'Muchamad Wisnu Zakaria', 'B012', 'HL', 1),
(340, 'Siti Fatimatul Mutmainah', 'B035', 'K2', 1),
(341, 'Deviany', 'B028', 'K2', 1),
(342, 'Yanuar Eko Effendyk', 'B036', 'K2', 1),
(346, 'Manda Tiara Safitri', 'B037', 'HL', 1),
(347, 'Tutik Nur Khofiyah', 'B013', 'HL', 1),
(349, 'Mochammad Saiful Rizal ', 'B008', 'HL', 1),
(352, 'Muhammad Iqbal Sya\'bani', 'B024', 'HL', 1),
(353, 'Faizul Umam', 'B024', 'HL', 1),
(354, 'Ketawang Kuswara  Suharya', 'B036', 'K2', 1),
(361, 'Muhammad Arfandik', 'B008', 'HL', 1),
(365, 'Musoli Hariyanto', 'B011', 'HL', 1),
(366, 'Fatoni', 'B011', 'HL', 1),
(367, 'Sarifa Nahdiatus Safitri', 'B013', 'HL', 1),
(384, 'Muchamad Machfud', 'B011', 'HL', 1),
(386, 'Maf\'uulah', 'B038', 'K2', 1),
(388, 'Putri Ayu Threevy Wisudan', 'B039', 'K1', 1),
(389, 'M. Rahmat Baitul A. ', 'B025', 'HL', 1),
(390, 'Abdulloh', 'B038', 'K1', 1),
(391, 'Ainova Ellis Sagita', 'B047', 'K1', 1),
(392, 'Christine Natalina', 'B040', 'K1', 1),
(394, 'Mohamad Ainul Yakin', 'B009', 'K1', 1),
(395, 'Akhmad Khoiron', 'B041', 'K1', 1),
(396, 'Wahyu Nur Annisa', 'B042', 'K1', 1),
(397, 'Sulkhan Effendi', 'B043', 'K1', 1),
(398, 'Mochammad Rofiq Abdillah', 'B048', 'K1', 1),
(399, 'Abdul Basid Al-Ghaety', 'B044', 'K1', 1);

-- --------------------------------------------------------

--
-- Table structure for table `tb_login`
--

CREATE TABLE `tb_login` (
  `id` int(15) NOT NULL,
  `username` varchar(25) NOT NULL,
  `password` varchar(25) NOT NULL,
  `nama` varchar(25) NOT NULL
) ENGINE=InnoDB DEFAULT CHARSET=latin1;

--
-- Dumping data for table `tb_login`
--

INSERT INTO `tb_login` (`id`, `username`, `password`, `nama`) VALUES
(1, 'admin', 'admin', 'Satria');

-- --------------------------------------------------------

--
-- Table structure for table `tb_penggajian`
--

CREATE TABLE `tb_penggajian` (
  `kode_gaji` varchar(25) NOT NULL,
  `id` int(25) NOT NULL,
  `gaji_total` int(25) NOT NULL
) ENGINE=InnoDB DEFAULT CHARSET=latin1;

--
-- Indexes for dumped tables
--

--
-- Indexes for table `tb_absensi`
--
ALTER TABLE `tb_absensi`
  ADD PRIMARY KEY (`id`),
  ADD KEY `FK_absensiDepartemen` (`kode_departemen`),
  ADD KEY `FK_absensiKaryawan` (`nik`);

--
-- Indexes for table `tb_bagian`
--
ALTER TABLE `tb_bagian`
  ADD PRIMARY KEY (`kode_bagian`),
  ADD KEY `FK_bagianDepartemen` (`kode_departemen`);

--
-- Indexes for table `tb_departemen`
--
ALTER TABLE `tb_departemen`
  ADD PRIMARY KEY (`kode_departemen`);

--
-- Indexes for table `tb_finger`
--
ALTER TABLE `tb_finger`
  ADD PRIMARY KEY (`no`),
  ADD KEY `FK_fingerKaryawan2` (`userid`);

--
-- Indexes for table `tb_jadwal`
--
ALTER TABLE `tb_jadwal`
  ADD PRIMARY KEY (`kode_jadwal`),
  ADD KEY `FK_jadwalDepartemen` (`kode_departemen`);

--
-- Indexes for table `tb_karyawan2`
--
ALTER TABLE `tb_karyawan2`
  ADD PRIMARY KEY (`userid`),
  ADD KEY `FK_karyawan2Bagian` (`kode_bagian`);

--
-- Indexes for table `tb_login`
--
ALTER TABLE `tb_login`
  ADD PRIMARY KEY (`id`);

--
-- Indexes for table `tb_penggajian`
--
ALTER TABLE `tb_penggajian`
  ADD PRIMARY KEY (`kode_gaji`),
  ADD KEY `FK_penggajianAbsensi` (`id`);

--
-- AUTO_INCREMENT for dumped tables
--

--
-- AUTO_INCREMENT for table `tb_absensi`
--
ALTER TABLE `tb_absensi`
  MODIFY `id` int(25) NOT NULL AUTO_INCREMENT, AUTO_INCREMENT=2;

--
-- AUTO_INCREMENT for table `tb_finger`
--
ALTER TABLE `tb_finger`
  MODIFY `no` bigint(20) UNSIGNED NOT NULL AUTO_INCREMENT, AUTO_INCREMENT=2107;

--
-- AUTO_INCREMENT for table `tb_login`
--
ALTER TABLE `tb_login`
  MODIFY `id` int(15) NOT NULL AUTO_INCREMENT, AUTO_INCREMENT=2;

--
-- Constraints for dumped tables
--

--
-- Constraints for table `tb_absensi`
--
ALTER TABLE `tb_absensi`
  ADD CONSTRAINT `FK_absensiDepartemen` FOREIGN KEY (`kode_departemen`) REFERENCES `tb_departemen` (`kode_departemen`);

--
-- Constraints for table `tb_bagian`
--
ALTER TABLE `tb_bagian`
  ADD CONSTRAINT `FK_bagianDepartemen` FOREIGN KEY (`kode_departemen`) REFERENCES `tb_departemen` (`kode_departemen`);

--
-- Constraints for table `tb_finger`
--
ALTER TABLE `tb_finger`
  ADD CONSTRAINT `FK_fingerKaryawan2` FOREIGN KEY (`userid`) REFERENCES `tb_karyawan2` (`userid`);

--
-- Constraints for table `tb_jadwal`
--
ALTER TABLE `tb_jadwal`
  ADD CONSTRAINT `FK_jadwalDepartemen` FOREIGN KEY (`kode_departemen`) REFERENCES `tb_departemen` (`kode_departemen`);

--
-- Constraints for table `tb_karyawan2`
--
ALTER TABLE `tb_karyawan2`
  ADD CONSTRAINT `FK_karyawan2Bagian` FOREIGN KEY (`kode_bagian`) REFERENCES `tb_bagian` (`kode_bagian`);

--
-- Constraints for table `tb_penggajian`
--
ALTER TABLE `tb_penggajian`
  ADD CONSTRAINT `FK_penggajianAbsensi` FOREIGN KEY (`id`) REFERENCES `tb_absensi` (`id`);
COMMIT;

/*!40101 SET CHARACTER_SET_CLIENT=@OLD_CHARACTER_SET_CLIENT */;
/*!40101 SET CHARACTER_SET_RESULTS=@OLD_CHARACTER_SET_RESULTS */;
/*!40101 SET COLLATION_CONNECTION=@OLD_COLLATION_CONNECTION */;
